vol,duree_s,alt_debut_ft,alt_fin_ft,TAS_moy_ms,Vz_moy_ms,gamma_moy_deg,rho_moy,D_moy_N,F_moy_N,E_meca_GJ,conso_kg,eta,rend_Jkg,TSFC,delta_atmo_K
0,1548,278.19843288,39406.808017452,167.2261956662323,7.698402287831596,3.216414214752658,0.49477654790868186,1632.7170925792168,35434.16056932865,5.061817934088617,1504.0169602519388,0.07790584450431262,3365532.4825863056,3.948031821863854e-05,18.99660799115277
1,2844,579.5800685,39100.789741283996,181.9085657164788,4.138867599979629,1.733864768590541,0.40107032351618044,2196.009366336929,35843.1897346546,5.243304416585648,2308.029158284722,0.0525871984698693,2271766.9738983535,3.904099966841337e-05,21.379679852381006
2,2339,129.825935344,40575.241435548,172.9689808493821,5.277756178036005,2.2189330925840016,0.4232058718070056,1525.0361884882238,36535.18543110184,5.22215704787632,1944.7334844075415,0.06215929635929719,2685281.6027216385,3.901031570953253e-05,16.171836448709474
3,2400,255.01523014,41729.764932,173.22924320018885,5.2774498496066595,2.204827867264716,0.40766488054706024,741.2688265619228,35458.04648944675,5.292984410398254,1927.3472102534104,0.06357068753669344,2746253.701585157,4.0287637597953475e-05,11.151141098348
4,1152,-13.909921644,33611.007332452,152.1721925307039,8.933294926352973,4.034659558389007,0.6427836840416367,358.4272820410881,39786.367252090444,4.218487830030084,1139.436555359391,0.08570041112986448,3702257.760810146,3.459823078831988e-05,9.366100056129296
5,1183,-18.546562192,32456.483836,157.52752868012476,8.421606139883098,3.922832550441058,0.6229404735034796,341.9451435290084,42566.46406387992,4.130024732966985,1179.6013711595704,0.08104638288124129,3501203.740469624,3.590719577918898e-05,10.24965354198857
10,872,32.456483836,40575.241435548,147.23787687321138,14.280664809893658,6.441297992262326,0.56564000263079,462.8283562056193,54894.65114453089,4.969097374978027,914.7559769200896,0.12574435707525716,5432156.22565111,2.325843467560316e-05,5.612429831169886
11,2582,41.729764932,40565.968154452,174.14569537204932,4.800363134340656,2.1853684425383304,0.42802660158293515,-1778.896729972125,36125.63307275996,4.857615272952915,1986.5115358922496,0.05660415051882201,2445299.3024131106,3.9422377034319994e-05,3.593218557896046
12,1678,862.415141928,35929.327606451996,163.75571220720954,6.370815109595269,2.795979448602494,0.5071107875761259,988.0769516967327,37792.454112166146,4.428547817751995,1500.0286814819913,0.06834048057347901,2952308.7607742934,3.737987405041871e-05,13.185650509225512
13,1617,74.186248768,34779.440750548,159.0597625240622,6.553035430210523,3.107099730481245,0.5144059423917998,1551.4457361357013,45295.53206364499,4.4248320105514045,1467.5099617600617,0.06979623278881628,3015197.2564768633,3.105329020851915e-05,14.348817871200888
14,2766,199.375543564,41720.491650904,173.3446346933779,4.5777507803615,2.0930702861622303,0.43108522466424526,-1832.0054425668586,31535.404050905618,4.949247015348843,2157.162082076081,0.05310954799595557,2294332.4734252803,4.1374079622440444e-05,1.502874063517949
15,4258,125.189294796,39406.808017452,180.0869724812827,2.8168474763987246,1.276853841955215,0.38597532246095617,-1694.2577686178654,35320.98900645795,4.886984034065675,3052.0292997799884,0.03706538152380835,1601224.4818285208,4.2822576638977945e-05,4.651841330678689
16,4599,574.943427952,40570.604795,179.6810971438766,2.6557921794409305,1.119559188974627,0.36037203182812505,445.4557154661738,40560.66570827492,5.180987810196054,3057.3292614974184,0.03922713686566703,1694612.3125968156,3.445610516897687e-05,5.689695670279547
17,1949,176.19234082399998,35933.964246999996,167.89958415247668,5.600594761945106,2.5686432018632193,0.5313635823066021,-1619.3875214027817,35940.158754346325,4.307336121705443,1708.7133778360337,0.05835200681543165,2520806.6944266474,3.660272625209451e-05,0.5952711376996181
18,2584,148.372497536,37088.487743452,176.47535171481996,4.349340349655136,1.9451255654800947,0.45513561886152504,-893.5122272591958,39525.82418833745,4.563269015792648,2064.5687826827275,0.05116382079562582,2210277.0583710354,3.521104851206929e-05,2.2241447101972027
19,1163,111.279373152,33615.643973,149.50606093620047,8.841259174364547,3.9832816679758807,0.6968759765239225,-1266.3667480549113,32565.64697996318,3.9931845144288265,1146.2425821631668,0.08064159206897399,3483716.7773796762,3.852634360493461e-05,-4.347476736157329
20,1324,60.276327124,34779.440750548,164.10149779095835,7.956406158620297,3.5717478032021583,0.5675221965258496,-753.6731511026727,43029.07419359951,4.2265238782346914,1257.12389624606,0.07782542450844684,3362058.338764903,3.2574954961791e-05,1.6771821154998443
21,1471,55.639686576,40561.331513904,158.05767934528137,8.41586153396466,3.713156894450248,0.5433290478113703,-981.4952833904138,34741.52611164881,4.773172261118523,1351.8224942356983,0.08173417671931285,3530916.434274315,3.7600544274859414e-05,-0.2645208556068023
22,1379,139.09921644,39406.808017452,161.83221253821344,8.670938954009154,3.7417601087011825,0.5259064415280426,-119.8490085362485,38385.93561850675,4.750223083681549,1287.7517357262748,0.08538825041132506,3688772.4177692425,3.664433991324897e-05,4.603869110368254
23,2016,162.28241918,40570.604795,170.043331439907,6.1148653481392055,2.6849161196585802,0.4618531795341415,-698.5698491567126,34275.3298845228,4.89330674159742,1712.6724916606838,0.06613698178744994,2857117.6132178376,4.11959909162863e-05,5.457205545876934
24,2259,-13.909921644,40565.968154452,163.75335136199254,5.473465848586361,2.4380012696432423,0.5071622257121267,-1.9472230090368954,30304.56769300285,5.02224297420992,1886.1151325414041,0.06163760758674436,2662744.6477473564,4.435162713495259e-05,4.822908875998898
25,2043,166.919059728,39406.808017452,169.1848787902154,5.857473542616615,2.503229660291806,0.4563399189025724,342.9710777617995,37214.321328042235,4.879770811171492,1706.0790472021365,0.06620892381935661,2860225.508996206,3.8581419074101324e-05,4.813987978206831
26,3211,227.19538685199998,40561.331513904,176.80189265348145,3.8374848902240752,1.6527843275482126,0.3951240386019468,-217.86829615625646,34844.22699651057,5.042026208517674,2429.075612741691,0.048048553544151947,2075697.5131073638,4.13296557805158e-05,4.366435124342824
27,972,139.09921644,34746.984266712,147.99945132335654,10.835405106085176,4.934742668446499,0.63829581851059,308.752045239232,41522.04737872423,4.300424298214215,1104.460241639915,0.09013168152359234,3893688.6418191893,3.5047553876155625e-05,7.750189254615826
28,2325,208.64882466,37093.124384,165.5792128431197,4.862594941419714,2.0771266829538266,0.4817462320576782,-189.56384245560352,35534.16377915824,4.600116231252971,1808.9880241608098,0.05886394525422177,2542922.4349823804,3.585112718688085e-05,5.270677029254287
29,983,273.561792332,38252.284521,141.57330924849217,11.822511287659895,5.546433720309169,0.5957596327288593,486.41075739069015,43983.76705143865,4.59154095580166,1061.1929669611009,0.10015677975849475,4326772.885566974,3.1102210181387006e-05,7.889355981800032
30,1974,129.825935344,40575.241435548,169.4464431639813,6.260067751316949,2.6952711239941296,0.46194343713421765,-77.99720446138832,34624.60146361957,4.9754767447489465,1706.3791993127493,0.06749559115670238,2915809.537969543,4.0901054245337036e-05,5.262707367923997
31,2054,88.09617041199999,37079.214462356,171.56276042559688,5.503933353808035,2.4806480650599996,0.47722627951228935,-207.18764740522323,39304.67658598297,4.614120139093059,1742.6215516295288,0.06129175692404548,2647803.8991187653,3.585046026872218e-05,7.914903725173774
32,1370,301.38163562,35929.327606451996,151.92658488975772,7.953250323147798,3.551518066964193,0.5939372208436455,-13.983426822345589,36383.94571583487,4.366698948753204,1295.6382763238878,0.07801636925307492,3370307.151732837,3.374476240045779e-05,5.90510829939648
33,1368,-51.003046028,34760.894188356,161.20385867110895,7.750133550004374,3.453021454587866,0.5554008919701551,-107.86122484469095,42199.61151930906,4.29520040943811,1275.2786136375837,0.07796408905506465,3368048.647178793,3.382679483665945e-05,6.5400168508243395
34,1958,213.285465208,39425.354579644,170.09506372254802,6.11301681323603,2.6299866498303364,0.46177441916231154,-294.9263588105148,38305.11293454403,4.821568596493142,1644.6233171123265,0.06786379775646771,2931716.063079405,3.667378113888968e-05,3.826072255026069
35,1966,213.285465208,38247.647880452,164.969612108143,5.897571933167814,2.6221026411311588,0.5018619432946088,-15.991538420568311,34542.43423757287,4.69675462589883,1688.2176507050233,0.06439997345745248,2782078.8533619465,3.788079805021603e-05,7.572689267812521
36,1175,157.645778632,39420.717939096,156.28238863410942,10.129273630152138,4.433655084074709,0.5659120862757652,61.49142758998112,39259.10823746807,4.773594088847271,1214.9548099452575,0.09094977217526282,3929030.1579713537,3.3908955906903215e-05,6.481137650134501
37,1167,-32.456483836,33620.280613548,149.83355565575314,8.816672788025054,4.129578794396324,0.637795409894045,-552.4586457777212,38503.3478949987,4.106828946286631,1166.736050212761,0.08147985557694078,3519929.7609238415,3.628171493509451e-05,3.978959115716073
38,304,0.0,14679.603974968,104.91674227086062,14.795700272145028,8.660497170024186,1.011215031020107,-1288.4778502471472,60164.69936303105,1.8029911221695651,437.4068756079191,0.09541666565659573,4121999.9563649353,2.4962291284750954e-05,-4.480555332463943
39,2463,347.74804109999997,39406.808017452,174.14535834176954,4.860107022542988,2.0142947328266354,0.4412638363086159,-182.3270481986689,32358.432807973768,4.918351696317308,2030.720328667833,0.05606421135584717,2421973.9305725973,4.168477404621056e-05,7.854564354194498
40,3636,1024.697561108,38247.647880452,178.82120908524703,3.1257307151897695,1.3967969872096067,0.3958131800202085,-264.1940625769524,37650.98855728204,4.773154126691704,2678.275572084408,0.041254036742983106,1782174.3872968701,3.695339734515222e-05,11.54209799227392
41,1038,-37.093124384,35586.2162059,140.33877348078497,10.502822551139577,4.626038335263035,0.742915582976141,-1321.0612772687377,34580.406880346694,4.338871425861833,1144.9752462679398,0.08771965934546755,3789489.283724198,3.616523582560898e-05,1.3037495857490538
42,2742,250.378589592,39397.534736356,173.52599130011674,4.353433426121494,1.8769801391473568,0.41846437156748045,-7.797040198325322,37704.914516110686,4.916434928479183,2118.637449190243,0.05371677165843727,2320564.5356444903,3.7149417207873785e-05,5.183268647972926
43,1855,106.642732604,40575.241435548,165.6504640844195,6.66873355502252,2.878936994688283,0.4981763185342661,-237.6863131401037,33319.13696384555,4.917756359143007,1604.085652330382,0.0709668792265301,3065769.1825861004,4.160372517136939e-05,5.403960660685342
44,1948,231.8320274,39411.444658,168.43799395009893,6.1176081744458815,2.627052517956367,0.4647798637492682,82.68338605879471,37596.09843930616,4.82303100326697,1649.1492007595139,0.06769808100766005,2924557.0995309143,3.700823515462156e-05,4.886037436688681
45,1179,-18.546562192,32896.96468806,138.31680702326693,8.484456601387167,3.8778376508898047,0.7742624983569403,-789.8574503015327,31443.785407729636,3.994339617010725,1217.3524717820867,0.07595299418353896,3281169.3487288826,4.094868689190729e-05,1.436690510282866
46,1489,-27.819843288,35924.690965904,156.70709700177244,7.404169436122607,3.4150631803940694,0.5798644392832776,-428.400730165309,36858.084793080925,4.431462059698385,1313.6383824473298,0.0780885680880361,3373426.14140316,3.3188256270417086e-05,4.4557150573445945
47,1112,51.003046028,32451.847195452,141.72461697225748,8.904154925823821,4.361062515363357,0.6252081587877728,-337.78582420179526,45174.05605755244,3.8794369760664265,1078.5123486271843,0.08326449109988986,3597026.015515242,2.9663350046641257e-05,2.5677622704335716
48,595,-27.819843288,23211.022583288,118.01808481892867,12.056589557110009,6.084615308129069,0.9054971124410836,-575.2244438062937,42314.04451970875,2.8527945744266425,730.154156074866,0.09044242355622517,3907112.697628927,3.10793197240975e-05,-1.2311568927280985
49,630,-27.819843288,24708.657480292,120.57955913562758,12.11261792917107,6.000270814653744,0.8865691082551059,-564.4003984640011,41666.3910409079,3.027771307720427,769.0184000892098,0.09113864997468753,3937189.6789065013,3.1382595468159284e-05,-1.0621738427541896
50,2131,222.558746304,41725.128291452,169.06606009266014,5.935287749184954,2.521867221382546,0.4353001586715059,35.571756250698535,34419.59837492182,5.09109480648797,1755.375323370624,0.06713630711781905,2900288.4674897827,3.931103782285407e-05,8.998452858794822
51,2141,222.558746304,41729.764932,169.14238547269716,5.908121663911499,2.510260102100172,0.43447194223685376,35.6558339966802,34425.01432121615,5.091903960404204,1760.5152165394159,0.0669509392047563,2892280.5736454716,3.9304714692641956e-05,9.025388900054502
52,3579,139.09921644,40570.604795,178.89972905178445,3.459242353114941,1.4523420920262684,0.37660062064296884,-487.1948051043314,33723.47177562734,5.116215790420368,2669.508357952051,0.044364319265664864,1916538.5922767222,4.353653697550253e-05,9.339387748196147
53,3546,231.8320274,39411.444658,170.60001847855395,3.37604321067176,1.4318564217592882,0.3977773320749458,112.74840654737099,36560.59399647992,4.99070007651797,2528.1288015178507,0.04569603600293328,1974068.7553267176,3.795051675217949e-05,4.601354866381779
54,1694,129.825935344,39416.081298548,170.13856628560112,7.10538361020816,3.13743882302699,0.4822551089181908,-492.8480510223768,36058.326184302496,4.835101768006383,1546.3988493249963,0.07237696282950515,3126684.7942346223,4.300707989583279e-05,10.261223673661762
55,2084,463.6640548,40570.604795,170.46167418369208,5.8770992545362235,2.567362372751587,0.4592141738548213,357.37452100692275,34289.368842853975,5.020793460553798,1787.2606337940224,0.06502804831516647,2809211.6872151913,4.284444468216539e-05,8.177758431516915
56,2111,157.645778632,39402.171376904,174.24105964777186,5.666952965037829,2.413615229110363,0.45314022374982826,-8.472808902077618,40126.70041553748,4.926708323172434,1746.1946136501394,0.06531011678539027,2821397.0451288596,3.391011250676048e-05,3.8926443703839113
57,1662,-18.546562192,41725.128291452,165.60753430372432,7.688801967262087,3.192223055096724,0.5259338420314333,-405.2074370933974,29436.508029665623,5.097352501282968,1548.8089601735164,0.07618387670601576,3291143.473699881,4.9915869166058136e-05,7.904335063379134
58,1701,806.775455352,33601.734051356,153.43831349423075,5.89603653230959,2.680249492675011,0.5326644995913744,-36.83905281135514,43001.11670541067,4.080936732938962,1454.1223216804158,0.06496436143564845,2806460.414020013,3.228312382331064e-05,5.9348758679488585
59,1446,190.102262468,37097.761024548,164.27820246726233,7.797154685462411,3.4926560700943514,0.5435904646965556,-564.4103653921269,36909.25383106588,4.5405334026182205,1385.0620813536318,0.07588464177194275,3278216.5245479266,3.711836272005419e-05,9.26842304815772
60,1818,867.051782476,38243.011239904,172.66382882481992,6.28211951120266,2.7181386863189227,0.4733815561070421,-131.61461506033604,37172.45427118198,4.70810100411842,1609.3561207278526,0.06771889585910225,2925456.3011132176,3.8547479977833976e-05,11.067927258261944
61,3618,55.639686576,39402.171376904,180.9079040813174,3.331451594294146,1.4448300296446923,0.3995857473896633,-1116.2312743018085,38980.43208143645,5.02831484977941,2624.6980449975745,0.04434650199098794,1915768.886010679,3.5196195838578176e-05,11.903594646161498
62,5507,287.471713976,41729.764932,180.85764256822176,2.30441680034656,0.9597676508993718,0.3382361169339347,1172.9715488547424,35922.81947953486,5.685687641004715,3702.143210597779,0.03555052637113429,1535782.7392330011,4.142508328162301e-05,5.917402592527994
63,2841,176.19234082399998,40565.968154452,178.46529667975852,4.340583182475727,1.9017396147306183,0.4010101760803299,-406.88029223133486,32889.549494039,5.141846232179572,2286.110337526495,0.052064074241609366,2249168.0072375247,4.569968329521814e-05,15.257141319862
64,1577,357.02132219599997,41715.855010356,164.7418882484586,7.970030552923689,3.4502355016701682,0.4936718995609648,333.36923054443133,32278.769458086488,5.1143188473302885,1552.2500929582516,0.07626800017080229,3294777.607378659,4.647485647526255e-05,9.362651350113678
65,2251,190.102262468,38243.011239904,165.01301920543145,5.164334443407487,2.2969703488361963,0.45203048574208154,-353.13640052334614,38713.20259446795,4.643197043747947,1797.608167973165,0.05979134661526833,2582986.173779592,3.5393244177001946e-05,11.124998662725378
66,1278,74.186248768,35920.054325356,155.52755807630803,8.618344453650765,4.048640629732581,0.5938677574469983,-469.148090029369,39740.248414173075,4.4294808898082945,1245.6446386592986,0.0823142304590435,3555974.7558306796,3.386950170710154e-05,7.019983114032657
67,2633,227.19538685199998,39406.808017452,170.11078046057594,4.544655269532199,1.988527075693501,0.44562345412066046,-474.55914222600586,33827.49060150514,4.841824196745152,2013.9405321007298,0.05565172458028636,2404154.501868371,4.0971444639659e-05,4.0700075176598505
68,329,88.09617041199999,15991.773250052,106.0021536883182,14.864665988235979,8.870567199900544,0.986460288602646,-1632.2108164535525,60370.00997301464,1.9302766037272645,463.1717187475053,0.09647033050897744,4167518.277987825,2.5342256831874902e-05,-5.698179433983298
69,611,171.555700276,24017.79803864,123.51821076789365,11.974786788004042,6.232400949628663,0.8609250982659847,-820.6140968042808,42719.999746293994,2.9017503768493587,725.9436735692037,0.09252804323233817,3997211.467637009,3.102845288696836e-05,-1.4420105995169745
70,1367,0.0,30128.890280904,153.8023699729601,6.687608300502747,3.2050485550557988,0.6039495011056805,-805.113709945059,45766.100562950545,3.6707803599272655,1225.234925320339,0.0693514083176277,2995980.839321517,3.097539380557619e-05,2.0012172996551585
71,808,-32.456483836,30008.337626656,131.05997837404865,11.393975793338017,5.499995256113366,0.793144103848971,-565.4449699681602,41222.7633153771,3.659476073822264,953.5277142417675,0.08883862842812244,3837828.7480948893,3.474633638696669e-05,0.5255803344738826
72,3015,32.456483836,39406.808017452,177.50276104600877,3.9959150751363848,1.7902175612421312,0.3913995080035079,302.3923470274088,43264.098177521366,5.02752237377256,2219.577628416089,0.05243242283409793,2265080.6664330307,3.3731176235616615e-05,11.579882494422593
73,807,97.369451508,36175.069555496,143.78774966926053,13.63028591111136,6.073344605975054,0.6905917849765252,-47.06488913911181,42363.282240556,4.410849421989983,985.608503701931,0.10359386662746965,4475255.038306689,3.2486768928804174e-05,5.17653195908174
74,711,-41.729764932,25492.249732903998,131.63158958443256,10.97419721261777,5.552645855574836,0.7904726686821547,287.8410734872972,41238.840805748725,3.1636256928919857,836.2179915066971,0.08757534155944434,3783254.7553679957,3.839934828569763e-05,8.45947795333021
75,2157,162.28241918,38247.647880452,169.2722566713992,5.408881973369035,2.416890207389244,0.4385102808543353,-266.3103993830919,45271.701226245284,4.742962272329324,1664.2949309036196,0.06596835170395327,2849832.793610781,3.161575322354206e-05,10.594104953140492
76,2524,282.835073428,40556.694873356,172.59574534088952,4.863659662090018,2.091905343531443,0.4227620078537581,321.95598736438853,36598.913025274516,5.0833971162604605,2004.805919146964,0.058694574082829326,2535605.600378227,3.768316597174701e-05,4.6120516657475275
77,2476,120.552654248,41729.764932,172.1896517236385,5.131935377063983,2.2120059952757085,0.40557778245302756,433.36460331382,35365.690144599736,5.220541207281106,1971.126230874645,0.06130802755642517,2648506.7904375675,4.179619359000927e-05,8.655712166549081
78,2961,74.186248768,38270.831083192,169.1047717638274,3.9435011898501466,1.7422979093362796,0.41579642436248954,-192.8389736674724,39290.756640646476,4.824480725350423,2145.8770054329893,0.05204296158892051,2248255.940641366,3.573858107551752e-05,10.325152962602328
79,1186,27.819843288,35929.327606451996,159.44251635524117,9.274112336878531,4.1665497862960414,0.5761141005802237,86.49346884926706,40453.28385598864,4.510034192314564,1212.4932781380803,0.08610269559368405,3719636.449647151,3.641641790903863e-05,7.827528224355248
80,2747,148.372497536,41720.491650904,172.02625527818586,4.598449950368977,1.9354767519737759,0.4146089088181412,1001.2617592642182,32428.67083055804,5.266302141877483,2248.6819275044572,0.05421182101480123,2341950.667839413,4.574848059508517e-05,9.690094858942945
81,1143,41.729764932,34765.530828904,156.48121982839598,9.215573942613094,4.152625872575841,0.5858176212073625,803.4253594653406,42628.52759284219,4.319263287195004,1153.4650076339392,0.08668051982603157,3744598.456484564,3.230119901246588e-05,10.447844566166978
82,2024,102.006092056,40565.968154452,171.77632841970544,6.091170717920934,2.669388993788898,0.4601224345294411,-287.3409875262331,32794.57558523633,5.02987595911312,1827.6093681111506,0.06370743983912329,2752161.401050126,4.5992570629728944e-05,11.551434489615797
83,2469,194.738903016,39406.808017452,172.46442365739688,4.860460837992663,2.0816985759797397,0.4223085047190077,-155.40263962779096,38614.70413930666,4.866971076850295,1928.0772761129726,0.05843197724253535,2524261.416877527,3.438715456410652e-05,12.800424342705329
84,2096,171.555700276,35910.78104426,166.28572798009526,5.214727215899997,2.3975844258292933,0.48697563573359026,213.81764644775805,39502.11369702207,4.503008123006185,1760.6552962867577,0.0592031270195235,2557575.0872434154,3.5937800109188876e-05,10.393128350118376
85,2001,18.546562192,37093.124384,160.79257996396643,5.657746502406499,2.5002667983510287,0.5019253475942146,839.6089869370271,34449.504928143215,4.667724902464231,1706.284802371092,0.06332423954482558,2735607.148336465,3.873128544616339e-05,13.544436181732564
86,2167,-27.819843288,35929.327606451996,169.78748440107773,5.094010298479772,2.2746391572387044,0.5011715255147572,484.11220270145225,37112.94807876926,4.667699603211093,1854.8907251538506,0.058250656203599704,2516428.3479955075,3.785510626971247e-05,10.726145798735661
87,2865,148.372497536,34770.167469452,179.1839694588043,3.688143659166154,1.6498458988377804,0.4459644272899227,1012.1843817844942,44739.36394407073,4.6161787235852225,2319.901935684405,0.046060562874764815,1989816.31618984,3.2063637633666436e-05,15.145351840869651
88,839,199.375543564,35535.213159872,145.5000925729388,12.864012381650236,5.723442780318207,0.6696470577995831,719.0617679322002,40624.969549507754,4.392594859194386,1026.665339224486,0.09903951430972835,4278507.018180265,3.520859317084986e-05,10.17548905384337
89,2793,217.922105756,35933.964246999996,172.94848055455057,3.898054999534266,1.7632791976296418,0.4528452965339709,-792.2212680820907,41364.33102952971,4.4568864077507815,2144.2158565504446,0.04811486983967081,2078562.3770737788,3.391577585467003e-05,6.615968054252435
90,3616,1052.517404396,40584.514716644,182.52554835209818,3.332598787941859,1.4113353152908426,0.3842364385291822,-59.706746457850564,31959.39703025026,5.21273071082048,2730.7881512831605,0.044186899922564554,1908874.0766547888,4.3497091154624194e-05,10.09311613404112
91,3541,-37.093124384,40552.058232808,176.28949627251066,3.5044108429124794,1.579823734829605,0.38681861656392597,289.0712893280303,35942.17009569965,5.23375913165323,2688.2123825474787,0.04506780511010923,1946929.1807567189,4.182959987347551e-05,8.722002261297952
92,2206,282.835073428,40570.604795,171.0519275883144,5.568297196275503,2.4201356106161014,0.4522257515032752,176.04774698294787,32641.35456198454,5.050050354319625,1889.8129057986075,0.06185761214706001,2672248.8447529925,4.2612994417048425e-05,11.759475518952925
93,2402,111.279373152,39411.444658,174.60836843869689,4.976698871545308,2.132959348253432,0.423617561495402,1032.002686702001,35842.44421188835,5.002674958414752,1962.2212681357332,0.05901610738550262,2549495.8390537133,4.3555776354747e-05,13.5664697058334
94,2570,208.64882466,40561.331513904,175.12540953392977,4.791279098789715,2.1439677009855793,0.4112730026086881,-196.3339797658327,35266.82603455634,5.048647145311188,2085.0195065859994,0.056050714009264015,2421390.845200205,4.2466073170361124e-05,11.10696277602979
95,3042,222.558746304,39411.444658,172.66383081493737,3.9330991377096023,1.6833309497461633,0.3964011325623848,687.848349528056,38188.69078109519,5.052991011388137,2273.331760493754,0.051451964273559844,2222724.8566177855,3.76446501123515e-05,11.975381112387367
96,2565,-18.546562192,40565.968154452,171.89859193833362,4.7943632389418465,2.0611903833440817,0.43718608320311636,-104.50101275580171,33541.735623101915,5.150291315035002,2083.6475883454705,0.05721682833190516,2471766.983938303,4.3664867718662914e-05,8.44252187706745
97,2066,125.189294796,41725.128291452,172.23810844748397,6.153772184239152,2.640778129502068,0.426326319685818,604.0159296003001,38203.634596328164,5.2534877338292905,1740.6460728761406,0.06986400868742995,3018125.1752969734,4.311403264811289e-05,8.45771325991711
98,3463,273.561792332,38261.557802096,174.95357489065432,3.3457119114504486,1.4592210025451204,0.41990530272237353,-245.9774526601186,33650.40027786764,4.8123860769145,2523.951610380987,0.044136276383558305,1906687.1397697185,4.1125698826429155e-05,8.829420463474861
99,802,153.009138084,31770.261034896,132.5269778351547,12.097014626918918,5.713905046308475,0.7390352166891884,822.2647087677199,40109.40018532337,3.9058521611765165,911.4100664830963,0.09920149864106804,4285504.74129414,3.0188464158052078e-05,10.73953956073826
100,2217,185.46562192,39411.444658,168.60405107422167,5.398548524128991,2.3981510784991946,0.4528953620478612,-318.84886260395297,38877.51545102403,4.871926353135728,1786.1357453771666,0.06313969880572474,2727634.9884073087,3.53473764482138e-05,5.859351189555524
101,2901,-27.819843288,40589.151357192,179.76852449535508,4.290660774854852,1.8695079526727334,0.40101929930842856,-375.5219035417769,34003.50916338404,5.136691982358838,2346.0612022771215,0.050682781371447744,2189496.1552465423,4.3199473871479875e-05,14.0196110062133
102,3187,143.735856988,39443.901141836,177.04191348583083,3.769937751128862,1.6275448982754765,0.3944586827195631,1006.6744779196089,39371.755388087586,5.143859301784022,2380.494262156077,0.05001936743299722,2160836.6731054797,3.847474728139106e-05,9.925471550838916
103,4561,319.928197812,37088.487743452,183.26770099810122,2.465994580258904,1.0727502332570653,0.3992941488300278,-648.2496877281989,35308.076119806115,4.779593605441537,3322.046801056642,0.03330438958039707,1438749.6298731535,3.80357760914229e-05,13.984398988718118
104,4536,2244.134025232,38243.011239904,177.7574814778691,2.4175276700994557,1.013492657579991,0.39301199154206345,1147.1096918499936,34104.66785772651,4.851230140095062,3308.3476837632643,0.03394352852779473,1466360.4324007325,4.318165012863108e-05,14.101747446740081
105,1935,310.654916716,39402.171376904,168.03974497662142,6.1694438957989925,2.7550619823080167,0.46830193994866814,-469.2554929069233,35402.39585626145,4.835258537478084,1673.5107254581158,0.06688172310906537,2889290.4383116243,3.8643814568719526e-05,11.992400805316054
106,1695,208.64882466,38261.557802096,174.0918377289225,6.855476768576442,3.03522754378443,0.48191569419493463,-749.9728114076868,40715.70388191685,4.6744474392753395,1495.508031072668,0.07235320679452743,3125658.5335235847,3.5466625285764094e-05,11.073636264592066
107,2518,213.285465208,40589.151357192,177.7673416178276,4.906916065255115,2.017601376134748,0.43699533711930066,-379.38783311773335,29275.932478980285,5.009116660863374,2107.7228283216414,0.055012819047632465,2376553.7828577226,4.700439683212469e-05,13.32339703091111
108,3235,162.28241918,40565.968154452,182.32790160403482,3.816967664853206,1.6692415731217956,0.3881896577328928,-786.6931412599552,33517.99095043649,5.040134662755542,2530.0343095196035,0.046113913720891374,1992121.0727425076,4.487309530698944e-05,12.832129479361036
109,2334,236.468667948,40565.968154452,173.01887261194298,5.275071479561621,2.255045123214792,0.43300649790099827,-315.4105863724263,34302.55633525634,4.9513082510755755,1915.1966191891872,0.0598443082943454,2585274.118315721,4.115753386258403e-05,5.041966644414647
110,2356,250.378589592,41739.038213096,172.22184331466025,5.374138123264673,2.28514622663473,0.41343566073278704,801.0519265509568,36710.238201289394,5.227367143021766,1888.7297452875562,0.06406626959380422,2767662.846452343,3.763294791256936e-05,5.726288192098575
111,2536,255.01523014,39406.808017452,176.44569387624648,4.722279695006313,2.1748083552346573,0.42374757232739024,-753.4935728799595,37575.848566541405,4.89336246865881,2029.6174493179997,0.05580966965235952,2410977.728981931,4.159680220227744e-05,10.040792025052221
112,2476,236.468667948,38256.921161548,164.8255269922799,4.689013503268184,2.1515912153860604,0.4492801793118652,-252.40930413606714,36727.108621865045,4.661592541251021,1954.9175903535995,0.055197843266458664,2384546.8291110145,3.747678317558284e-05,7.3361300270107925
113,2716,171.555700276,39411.444658,169.0349495123147,4.409480458209313,1.9742712932810602,0.4155350739483432,-288.0946009254003,37731.20172888434,4.81472954285048,2093.955130543231,0.05322562605353187,2299347.0455125766,3.7899009903285966e-05,12.96893625255005
114,3072,259.651870688,39416.081298548,178.27506399698703,3.9089174862911595,1.608315994611632,0.40357071416182566,1221.6025941164503,34951.69759467956,5.182636350212227,2401.3258168347757,0.04995924884146819,2158239.549951426,4.211389972841182e-05,9.612111358929242
115,3357,296.744995072,41729.764932,177.15269785478148,3.7673262392080247,1.584829037688916,0.37898420163895896,294.6308502977675,32484.628835861004,5.257537049077593,2544.6673185480186,0.04782638799946108,2066099.9615767186,4.7768000797819826e-05,5.222850932488181
116,3461,1020.06092056,40570.604795,180.80304702617286,3.482182688954843,1.466327006560668,0.3794512599038245,-392.78984123960095,32906.18999771509,5.106144433288768,2574.930167619049,0.04590329838610881,1983022.4902799004,4.498158941403619e-05,8.286771884441661
117,2380,185.46562192,40570.604795,172.64067375244204,5.200232822627145,2.23327387253309,0.4240347275030398,693.9827574091329,37119.04965513911,5.076364377666059,1912.5064426568977,0.061442111800130934,2654299.229765657,3.83791374278259e-05,4.5182143493841425
118,3270,380.204524936,39411.444658,178.3807730047409,3.6370668813495457,1.5730596493710698,0.40415367708039107,215.47902501140408,37075.930491870145,4.972575025180785,2492.363541657352,0.046183432487591325,1995124.2834639451,3.829596362081322e-05,4.66711300129909
119,627,190.102262468,29632.769742268,137.82659720969875,14.368942877002217,6.7335905009796875,0.7510941038645591,944.3773741700988,48157.648471310786,3.718569852483089,836.1587983998742,0.10294456747837875,4447205.315065962,3.0789099994012175e-05,10.90603812775363
120,1787,60.276327124,38252.284521,170.05757833880057,6.55118975896972,2.845328508011776,0.4753505546655475,131.86791184737925,42775.46895527756,4.73738371172839,1515.1026219989374,0.07237903122960186,3126774.1491188,3.4414107236584046e-05,5.798819782014343
121,2981,106.642732604,38247.647880452,171.75120315910493,3.9133026188718887,1.7236802857539422,0.4362147468177822,784.1849971457004,35624.29108001176,4.892997607598504,2352.2671504847854,0.048150922604977824,2080119.8565350422,4.286735642597846e-05,10.087568564682261
122,699,839.231939188,31255.593934067998,137.2654586866972,13.319061058071368,6.2712367648323,0.7290479760572888,108.60135277023006,43948.08545913889,3.7661799264488955,872.3550121562454,0.09993648190836107,4317256.018441198,3.200631678563876e-05,6.448796072801479
123,3531,92.73281096,41720.491650904,178.95538961351548,3.6069024849984483,1.556383976002672,0.36767818208601727,-20.28653150278988,37306.36231618649,5.263147316596828,2517.0774871079966,0.048402210275255014,2090975.4838910166,4.319561153975812e-05,8.624776947755027
124,2100,92.73281096,38247.647880452,170.86258759536386,5.556203745277466,2.415976972215733,0.47757481501680576,553.822771132831,34894.19196285151,4.839628045847317,1821.1309226201236,0.06151585566732747,2657484.9648285466,4.0440211958401195e-05,8.140238970970403
125,2606,157.645778632,39406.808017452,170.8473839473081,4.602452679245159,1.9747436591904124,0.4330484636151535,321.41931695208115,34325.27266740595,4.995203658859341,2072.0823980147534,0.055803627518013606,2410716.708778188,4.139969885831047e-05,5.764282521706002
126,2105,282.835073428,40565.968154452,169.11016107544413,5.830413112828259,2.440637480532091,0.4552920654055843,180.4621163490748,33380.903120083654,4.944410943168473,1790.405237277282,0.06392628586802056,2761615.549498488,4.084307152543657e-05,4.774778475724492
127,2465,236.468667948,39406.808017452,162.6140421630203,4.860209501128552,2.089947019647345,0.43174435844383896,447.87501728238396,39329.82022204548,4.871167906694029,1859.427278251487,0.06064153068932633,2619714.125778897,3.602419672617605e-05,3.2286741919434343
128,2586,231.8320274,38270.831083192,175.84227594040573,4.491121680323182,1.9748800177875798,0.4439684391430667,262.9512588947536,35355.082272050655,4.818138851242482,2135.7283665030704,0.05222152483254427,2255969.8727659127,4.036540028180026e-05,9.720455087445112
129,2995,97.369451508,39411.444658,178.09374241180686,4.016876896481457,1.7334089619624333,0.3977095320237632,1022.786750262757,39749.84868871816,5.153859633082742,2236.9426861446236,0.05333275057081485,2303974.824659202,3.7905151543094524e-05,9.743780744729657
130,2508,-37.093124384,40589.151357192,171.12068803621457,4.951027362106199,2.1959642502635477,0.42803649056827886,514.788419969528,39545.82315278661,5.171126411440958,1950.4636195744567,0.06137104997167444,2651229.358776336,3.272458828363787e-05,9.05990623481601
131,2826,273.561792332,41734.401572548,175.24496478345077,4.484656233208587,1.8559965566955459,0.39974893462048655,816.9557072423906,31377.04554852548,5.25507508440494,2212.017208519542,0.0549929069787221,2375693.5814807946,4.857719268410984e-05,7.172228773516165
133,1672,176.19234082399998,40575.241435548,168.29351017982515,7.38523932262148,3.272644082642501,0.49532515041772535,-621.8676839446897,32508.300016465128,4.935408473743612,1581.9567141322145,0.07221788403010287,3119812.5901004444,4.901931894754216e-05,7.970502817391211
134,1069,106.642732604,37093.124384,151.97081727146914,10.53772317177585,4.736225087664999,0.5855747266487773,402.2427376852096,41393.91284475219,4.495472313114769,1060.1524782266672,0.09815744549684469,4240401.64546369,3.417661050721848e-05,8.617695987238674
136,2399,204.012184112,39411.444658,160.2621886345136,4.968526000239106,2.259808491290274,0.42616053583033814,451.51386291327634,43938.787058166345,4.883048262057421,1779.9312954610907,0.06350443125130918,2743391.4300565566,3.0739536668772876e-05,4.188545060266732
137,1723,139.09921644,39411.444658,164.08570761549214,6.972810851316776,2.9035462987047396,0.5050112579899232,403.1059047738998,34103.175413497556,4.838909986061201,1540.1698028317694,0.07272691947793829,3141802.921446934,3.7783714799376455e-05,8.055453612821625
138,1993,663.039598364,38247.647880452,174.24226527008614,5.766803158514418,2.362166880253059,0.4645011573591156,726.9636842351965,39561.81735158406,4.812210648167307,1741.182839472877,0.06397591480834719,2763759.5197205986,3.395186875955032e-05,8.953875005061342
139,2371,213.285465208,41725.128291452,170.47418170153588,5.348529003006444,2.258511181938959,0.42542152395701444,440.2610441596062,31863.51680268415,5.146143669782704,1975.8281730135498,0.06029051396614937,2604550.203337653,4.5400929173043695e-05,5.952872519404137
140,2327,607.3999117879999,40561.331513904,177.32168575386342,5.2479482832162265,2.2121214768837154,0.4162928380244972,589.2204253533303,36922.07602978766,5.123939429761649,1892.8035723127985,0.06266350653455939,2707063.4822929655,4.00673885314497e-05,8.23310683034163
141,1777,282.835073428,39416.081298548,164.8805970750269,6.729608736685577,2.8157121935697678,0.5282401967032014,583.5272557361766,30858.986878299165,4.943926205659973,1608.4345577451068,0.0711516273329568,3073750.3007837334,4.140087415825184e-05,9.132269305037735
142,1734,282.835073428,40565.968154452,168.71793888268226,7.086166172143905,3.0033567578312397,0.4730282195500876,818.9684303122118,37004.57719810347,5.057553888167248,1587.999067214412,0.07372359914285197,3184859.482971205,3.8142886876768505e-05,8.367065314341488
143,1942,217.922105756,39411.444658,165.5021050199475,6.164978922673828,2.731696856259937,0.4724385963896639,845.0001019229843,37324.98539827014,4.89739357921944,1664.193058144881,0.06812045727310788,2942803.75419826,3.6919423595184215e-05,8.693944741027195
144,3925,23.18320274,40565.968154452,179.38965035633368,3.1542285336847162,1.4651552215437162,0.37130712392307946,-1173.1947738120175,38574.34275679728,5.078483638929571,2856.2600546688504,0.04115783905941212,1778018.6473666038,4.146888289020092e-05,4.202922446139275
145,2383,148.372497536,40565.968154452,162.61230749836437,5.189258498049432,2.2550410976913664,0.4089522983643271,1175.0251404167523,43648.58659198895,5.004713230667091,1681.7395895978154,0.06888690973266808,2975914.5004512607,3.073694946668841e-05,5.764556847867369
146,1731,241.105308496,38252.284521,165.21524346414017,6.692757722002242,2.884796065714136,0.507436426808082,1002.3409854895198,36271.86333811898,4.795494174574929,1552.099499778352,0.07152042096044373,3089682.1854911693,3.614509983435939e-05,11.163422417796056
148,2126,-27.819843288,40561.331513904,166.86259154499018,5.836119673779206,2.479536469872327,0.46644834867281576,805.1060060911084,33873.56639751866,5.092215091427406,1805.1572110417628,0.06529921528029742,2820926.1001088484,3.971279463637419e-05,8.35892040338523
149,1991,310.654916716,41734.401572548,167.79647037033823,6.347849762751254,2.7178678075950136,0.4369756368195591,841.9159853366199,36184.506581303045,5.148613676214423,1693.0243252105997,0.07039525088912582,3041074.838410236,3.895427538955471e-05,6.494463146038839
150,3499,343.111400552,38229.10131826,171.92665058860464,3.2999220257855515,1.4615687497683323,0.4113873660744332,796.4508615427637,33952.241139155245,4.988098495326525,2693.195441410437,0.042872953507935414,1852111.5915428097,4.099289794853368e-05,10.870834481224655
151,3360,241.105308496,39425.354579644,173.12444366809163,3.567643692364734,1.5323158727537964,0.40231201195358746,1084.900312573252,34139.5212760171,5.067727438388151,2526.709340081771,0.04642738428886633,2005663.0012790256,3.9509435230387636e-05,9.603117773220383
152,2024,282.835073428,38247.647880452,167.370672192302,5.7163742966496,2.4646652247253305,0.4860886327195943,894.4963493369157,34308.73633796692,4.853727348393065,1754.5958671837855,0.06403457447534971,2766293.617335108,3.887449282420705e-05,11.382382681480767
153,1861,74.186248768,37093.124384,169.81624366485684,6.05458113688531,2.7182540898644247,0.4659827016385769,1296.6858897707928,43466.00963242899,4.699391939287383,1613.2345800089045,0.06743112388294896,2913024.551743395,3.351334495614642e-05,13.057680425728236
154,2303,102.006092056,38261.557802096,169.796424331441,5.068932184638366,2.224201162213884,0.44140979530515817,1221.3857241246965,40587.8601958123,4.856829573101388,1854.8268777681942,0.06061299404057294,2618481.342552751,3.490579839670374e-05,10.90718567840332
155,2700,157.645778632,38247.647880452,173.632860706225,4.315075170682522,1.9085673652171509,0.43807414202157857,-150.65720501953533,37723.4702567668,4.868624023944934,2175.974344579656,0.051792720104740606,2237445.5085247937,3.837692957375858e-05,5.078000879759473
157,1264,60.276327124,31292.687058452,153.39607189633745,7.5546475009820195,3.4818086640328523,0.6217984037685405,425.48133875964993,37934.26203479364,3.905099825886133,1230.4171998687461,0.07346762489386743,3173801.395415073,3.562599451649754e-05,10.501112723599022
158,1481,92.73281096,32451.847195452,157.9000177402749,6.672377274988131,3.0875519024017235,0.5749849436387527,494.2303579244123,37271.29183628897,4.066054462335992,1325.884882512241,0.07098778507396057,3066672.3151950967,3.537066122264637e-05,11.258075340970882
159,1401,-46.36640548,33611.007332452,139.16326265588128,7.356294488704111,3.4481597240139576,0.6895330392934974,267.95720402294336,29454.907216052277,4.212403919887854,1321.6692574604494,0.07377742158031694,3187184.6122696917,4.244532041955652e-05,9.515874611400148
160,2248,32.456483836,39411.444658,172.1773370267426,5.355252152637388,2.3796216722518397,0.43309169449857865,781.3901950336218,39140.91145642393,4.983805312756309,1847.0942309564489,0.06245802828449795,2698186.8218903113,3.938949711537469e-05,9.321005775355774
161,2266,-13.909921644,35929.327606451996,161.2317367482647,4.836212714757949,2.1326729262990147,0.5251683450775262,5.136834991746204,34548.193689708314,4.582639552769778,1858.2936417730082,0.057084422446749085,2466047.0496995603,3.84762511682236e-05,12.427195286649296
162,1796,27.819843288,37093.124384,161.05822396583537,6.296330900459296,2.803746736676002,0.4784338095542174,887.8752143222401,43328.75921046135,4.625872055124771,1507.5044394621204,0.07103154647067783,3068562.8075332823,3.337950585483369e-05,11.795893581162009
163,2723,-13.909921644,40575.241435548,175.51926898816436,4.566912125070608,1.9493618856980166,0.41883331556186315,451.70831515081346,33142.31418655198,5.194084991965041,2176.0802758983195,0.05525230397966152,2386899.5319213774,4.3632579180989876e-05,9.52635349618074
164,2303,370.93124384,41725.128291452,173.31704228930826,5.479131563138269,2.3304440588871973,0.4216021499426441,139.47900499836288,35052.12088747978,5.143432673572016,1893.691604008579,0.06287240291177389,2716087.805788632,4.1191448746375866e-05,6.439653063128404
165,2329,9.273281096,39402.171376904,166.19792860330753,5.156193509387606,2.28568390530349,0.5406439137479359,518.7054714750952,29629.864866596294,5.028176240200818,1958.251175263953,0.059437200903238806,2567687.0790199167,4.7488210117359245e-05,9.852623522978398
166,3156,78.822889316,41729.764932,179.31983946235718,4.04518560828817,1.7399831111904962,0.37978658301748314,-504.2595009478715,32110.14446251014,5.1792944155847955,2370.61275311854,0.05057387558432587,2184791.4252428776,4.838413501769212e-05,7.238470393436745
167,1917,876.325063572,38261.557802096,171.0193690553106,5.945825868151962,2.54014338026555,0.472078997300104,729.6269273855188,37580.082197964286,4.749703496167364,1637.6304714605374,0.06713775916187133,2900351.1957928413,3.5017054235873226e-05,10.775451345655812
168,1941,-13.909921644,38261.557802096,165.6654471609236,6.022703693139692,2.6838458874589604,0.49065969903204437,469.50626128830356,38070.84591696916,4.83866549699979,1688.5527371185105,0.06633263107613732,2865569.662489132,3.801639199617359e-05,11.36535163350693
170,1333,250.378589592,40565.968154452,162.28403231732986,9.259831655518735,3.8912605037001,0.5235997714216569,589.7007253560248,34384.32366509493,4.980935260711865,1363.1027304014224,0.08458601450922079,3654115.826798338,4.255745297291955e-05,10.244434694669831
171,2643,83.459529864,39397.534736356,174.19083917781478,4.536249039292449,1.9416423244218024,0.4162567581187178,1025.0949913316442,36781.749300777934,5.113731854402092,2105.681396606814,0.05621620761163395,2428540.1688225865,3.955875778108634e-05,11.353573641666303
172,1323,-23.18320274,33611.007332452,143.96348726124714,7.684607384223042,3.447547314726329,0.6679736118521029,775.7250116486211,34655.33338566157,4.242425526944861,1266.8155294773774,0.07752059579323214,3348889.7382676285,3.7335458995470965e-05,9.63932851730457
173,371,102.006092056,18722.754532824,112.39318550405038,15.384437787915674,8.356410940382125,0.9202699333576714,579.3263934152417,59055.30451539961,2.3269366394880877,536.1815120358551,0.10045902899132837,4339830.052425385,2.5464296061466998e-05,6.112148216878612
174,1085,78.822889316,33620.280613548,151.63712665153923,9.433371608908274,4.374177259850942,0.5993547941126862,700.1189568546273,44905.5538477307,4.154753380530761,1116.0796903201788,0.08617202481657464,3722631.4720760244,3.353391815895588e-05,10.127515082612337
175,1107,148.372497536,32456.483836,151.1089573689726,8.925228815599796,4.0638584339908,0.6208102948883826,575.4154433653835,38694.634108925886,4.022138728638877,1115.082721285108,0.08349610426716635,3607031.704341586,3.719163940852099e-05,10.409173333908871
176,2304,-37.093124384,38252.284521,163.6179126445372,5.076636918487338,2.245958971274787,0.4740028906855154,553.1240732627338,31897.92057209225,4.774988929551526,1850.1537578770524,0.05974214341723442,2580860.595624527,4.473869205624752e-05,9.007722653432463
177,2848,514.667100828,38256.921161548,175.44248135896578,4.045650000665917,1.8005631569931777,0.42965914879727374,-198.67503416434067,37283.83301513608,4.744401064701467,2242.8550641330153,0.04896620404778332,2115340.0148642394,3.8587504127681564e-05,6.100368871794241
178,2234,176.19234082399998,41725.128291452,173.0568807321949,5.667308638087005,2.3734507062126955,0.418382124112739,474.43978354980385,34336.29400296565,5.177379129897318,1849.5059532215448,0.06479932595471756,2799330.881243798,4.4314608125816044e-05,8.290369348447786
179,2084,241.105308496,38252.284521,171.44144147370378,5.5667519094571905,2.3827402883322417,0.4781226016998696,570.9598122743718,34708.643747915354,4.824305980582322,1820.9129317917357,0.061328440037290724,2649388.6096109594,4.0331493600394354e-05,9.020278694493566
180,2068,273.561792332,40575.241435548,164.61255312442333,5.959924621595183,2.579843671376185,0.4541489658899335,530.7605446110555,35526.90816116134,5.022293522493394,1745.5068986421718,0.06660345747851122,2877269.363071685,3.894921404679852e-05,5.222961237490985
181,2606,78.822889316,39420.717939096,167.64944268951143,4.60126189342775,1.9850377967456228,0.4229548176548285,567.0856334928209,39262.93424523077,4.907932915453522,1954.2425409843922,0.05813483016845151,2511424.6632771054,3.5167846183541975e-05,4.298139805306984
182,1553,217.922105756,40561.331513904,160.94609922456624,7.945892075382287,3.4520202892244387,0.5467328098590438,477.978523389139,31590.59783304077,4.984035030000908,1560.2657252449849,0.07394329016097949,3194350.1349543137,4.610156945954988e-05,8.830878607707932
183,3348,208.64882466,38247.647880452,183.72996416724433,3.469134745871101,1.5146606502030753,0.4031106601915072,199.93011229443093,38233.261549538074,5.026868723447481,2603.79415419167,0.04468967016625731,1930593.7511823159,3.953702923510915e-05,11.21628034831965
184,2763,264.288511236,38247.647880452,165.40226781069407,4.20276829712033,1.9029429828457542,0.4325630949724875,647.4050392132687,36687.369170406484,4.874918339711427,2135.006411595594,0.052854797683455065,2283327.259925259,3.699385521166753e-05,8.885524880591017
185,2685,296.744995072,39411.444658,177.02679842572857,4.435840081227446,1.8803982244727788,0.4193245103664521,941.0132760778752,35691.26094783472,5.045696011259835,2181.394227467117,0.053543058521238106,2313060.1281174864,4.0990667409945525e-05,8.512004213320065
186,2906,315.291557264,39406.808017452,175.4387775058762,4.09479116633446,1.8117960947842213,0.4103195543090609,507.19332057346577,38593.27031374737,4.981091994073323,2296.933934681432,0.050198681676212706,2168583.048412389,3.647912174695652e-05,8.873411221159033
187,244,83.459529864,12069.175346443999,97.3313555986796,15.253254778413051,9.547540110110512,1.0109801640602747,832.2197678854592,65785.14428142786,1.4832878975070292,363.16265649518414,0.09454542581335923,4084362.395137119,2.3672848420052203e-05,6.145154232069054
188,2857,41.729764932,38247.647880452,170.86863196160073,4.097041665382222,1.811133051326344,0.4266564579673339,-414.7885320765411,39250.81674379708,4.818824759315874,2111.623159417688,0.05282517807740323,2282047.69294382,3.5608419008416216e-05,3.697027777141692
189,1258,74.186248768,34770.167469452,149.47042062270998,8.37397067908298,3.8184340538235113,0.562252203308335,1000.6674381099831,44431.3239924554,4.261881200776165,1150.543071632442,0.08574616618689343,3704234.379273796,3.061064639164999e-05,11.529644629448601
190,1465,-51.003046028,35924.690965904,160.91750895659564,7.516051286181647,3.3582121974614103,0.5605897645192844,617.1933705688996,35536.655440187256,4.547694527772172,1415.92928223976,0.07434743244724233,3211809.0817208686,4.0374635580517975e-05,11.127286883019258
191,1013,74.186248768,34779.440750548,151.53505277922486,10.457176642980862,4.846180352643104,0.5970807553875815,1137.6544708009026,47898.34153811721,4.355700585619896,1083.506575780431,0.0930556442375825,4020003.831063564,2.9747740072211964e-05,11.673404606629992
192,2648,245.741949044,38256.921161548,171.9964057802662,4.387124969130466,1.91223084351125,0.4345121468667127,734.8847507053817,36520.09602582625,4.825529792126614,2101.258324287879,0.05315961261417273,2296495.264932262,3.934684514793527e-05,9.072639640493529
193,2866,357.02132219599997,39406.808017452,177.1956555823681,4.147162461703072,1.7708095551815852,0.4059478861830037,799.1326617496766,37736.603812516725,5.063988378236134,2225.88879171039,0.05266298731386139,2275041.051958812,3.861157882076271e-05,9.990767766501229
194,1326,153.009138084,38247.647880452,159.4337695021135,8.769891827327475,3.884624425612301,0.542503621909002,875.0056421874137,39616.88200738924,4.760872483134966,1292.7298410316112,0.08525012578506361,3682805.433914748,3.4187627550603256e-05,10.1245874161979
195,1293,125.189294796,37093.124384,153.1757366269972,8.719617451325082,3.7675324330098086,0.546349141604887,1071.1578298195002,40391.29887302185,4.514483789739857,1250.6676461009679,0.08355692249903691,3609659.0519583947,3.3542786441006974e-05,11.5542935194594
196,1714,92.73281096,39406.808017452,163.33226195748023,7.000500003868526,3.0605825832633937,0.5164999459008552,736.5713998091891,35939.46917273855,4.915906086249767,1548.867718436788,0.07346923240271336,3173870.839797217,3.9233038429291835e-05,11.213719696618403
197,1492,880.96170412,40565.968154452,160.19001475617407,8.145102760126193,3.500208224641888,0.49911718870384003,417.1986987925515,36183.64184088044,4.856956000247223,1390.9381365746706,0.08083000536575205,3491856.2318004887,4.0878071213600674e-05,9.103108295018258
198,2892,292.108354524,41701.945088712,177.86799589965648,4.377208585779897,1.8603242242727194,0.3838797290821839,875.471165422708,35249.014885151606,5.318918955262701,2261.0129285633657,0.05445485180955869,2352449.598172935,4.1893635026417816e-05,9.753979599346096
199,2439,417.29764932,39411.444658,173.59970151142306,4.8789726495527725,2.0464601452171647,0.4358895156601001,887.3673006570283,35257.84337118228,5.027459667569522,2015.6523279116686,0.057736336560735915,2494209.7394237914,4.159398342160813e-05,7.484223189901792
200,2911,236.468667948,40570.604795,180.329306047379,4.23680130261297,1.7760289573096368,0.3885258581845304,810.4521618390123,38721.270639419876,5.203252427171768,2201.388535213614,0.05471349382888285,2363622.9334077393,3.7128809110130174e-05,9.2615528323872
201,994,-41.729764932,33671.283659576,131.78639556501764,10.381904189389191,4.834319882725416,0.7411412076194007,408.08215705304804,37995.47854697659,4.28098171179751,1084.2046816883408,0.09140045284612358,3948499.562952539,3.3801552212003226e-05,12.580214595944248
202,1721,88.09617041199999,37093.124384,166.56051440345823,6.566231965225408,2.97238609630644,0.4843360165267827,1476.0117844593292,41697.04525552877,4.774154096795062,1584.4425770536334,0.0697487103131284,3013144.2855271474,3.50426331611308e-05,15.718530505968932
203,1869,115.9160137,35933.964246999996,171.89276560112683,5.880674082325134,2.5159399006745704,0.4943263579885574,946.7232716847608,38172.00128726622,4.650359611777234,1677.7521681948188,0.06416157003176898,2771779.8253724203,3.596066700724374e-05,14.907644750513516
204,2166,259.651870688,39411.444658,171.4876242291417,5.49218219612856,2.3123825134730223,0.439566504452066,990.4115638978943,36401.549220607056,4.960856671521339,1838.747808294753,0.06245263469850291,2697953.8189753257,3.8692517869356354e-05,13.121548340807426
205,1230,301.38163562,38256.921161548,158.18508521358922,9.459033582154172,3.9084228428124037,0.5930911737601632,526.8259502920467,34046.429390828496,4.767506480451378,1274.2270767007847,0.0866085396587907,3741488.9132597586,3.769672362958285e-05,12.433981033829014
206,3095,296.744995072,39416.081298548,176.76733672057034,3.8550862048321233,1.6167097255901384,0.40007438278619617,1022.6601395620287,35440.24704045577,5.144021562635933,2409.566375136012,0.049417428147188414,2134832.8959585396,3.968396971503417e-05,13.106634745364584
207,2318,13.909921644,40565.968154452,166.12280353556105,5.321549373491718,2.312961103244976,0.4703681689952467,423.13319768378676,30193.452874813167,5.111451995703213,1926.8318546560831,0.06140683618177172,2652775.3230525386,4.397828386004713e-05,13.824781487258722
208,3032,264.288511236,39443.901141836,172.41311298470194,3.949100798704288,1.711355618628918,0.4024874888883652,1129.3920005871246,35773.8482669785,5.082703804626439,2309.542294981888,0.05094307253791675,2200740.733638004,3.917517182440947e-05,12.68951575343776
209,1202,204.012184112,38256.921161548,161.4830587199211,9.664397466425884,4.2678674451595375,0.54894352679677,622.3148263184232,39392.45484085554,4.778465727028165,1244.922301111882,0.08885103308961897,3838364.62947154,3.752764754088643e-05,13.60431471365663
210,1518,-55.639686576,40565.968154452,159.9311093859007,8.191038559143985,3.6297487190795534,0.5300845495293871,-566.3627330583334,38084.04352148877,4.926773817251682,1396.043876174709,0.08169205292218693,3529096.686238475,3.5696549579646174e-05,1.5631602773968667
211,915,102.006092056,34756.257547807996,151.2456267911114,11.571671092302863,5.2470036400271125,0.6331637916894373,799.1875096064842,43404.96965707539,4.405916396779286,1030.418215148333,0.09897806927483349,4275852.592672807,3.221115115744705e-05,12.113391909974965
212,1506,213.285465208,38252.284521,167.25338704888608,7.710044596231304,3.3872182134852493,0.5089912896389311,667.9472498104152,38957.01781750315,4.815994302512419,1422.932233294358,0.07834621142645312,3384556.3336227746,3.533825442608531e-05,14.606323773352099
213,1139,46.36640548,37102.397665095996,162.95830078696713,9.92628036314251,4.375194103864257,0.5533370285374013,775.0532649958054,43390.121715234585,4.660944173840164,1180.036837252508,0.09143123573795094,3949829.3838794804,3.339649271532046e-05,13.138286035343695
214,2073,306.018276168,38233.737958808,166.72475991162167,5.583544624193724,2.4989713170730425,0.45982818885023413,646.6049828265761,37262.367012167,4.771146778320827,1801.2508381611306,0.061314732030259625,2648796.4237072156,3.836416470735208e-05,15.770361806391993
215,2434,273.561792332,39411.444658,164.64632536471132,4.895996520749854,2.2112186112451786,0.4199006234066859,1112.4371572003618,39043.78028813356,4.9821951628260415,1912.6125888261345,0.060298981825099865,2604916.014844314,3.538031207352013e-05,12.084631199754787
216,3464,292.108354524,41715.855010356,178.09095750702915,3.644517917846821,1.6077513555746739,0.3710324844835411,734.5318144069482,33120.310379889845,5.4009255376410135,2690.835069247055,0.04646194258104944,2007155.9195013358,4.8306039437325145e-05,11.357375364503843
217,3338,268.925151784,42861.105225712,174.3973461514595,3.899779854267295,1.607468975733378,0.38628125023025783,634.6035777943933,32255.205255714704,5.544555543616483,2525.1680182892487,0.05082679338946422,2195717.4744248544,4.478996266634804e-05,6.602234607485101
218,7095,287.471713976,9676.668823676,184.3730240404528,0.40465952161613633,0.2869435215393141,0.34651615377243283,824.9973055031696,35050.17241621417,5.9450058476211405,4435.070630439936,0.03102901567290044,1340453.477069299,4.6931657659714185e-05,10.8497638909981
219,2901,950.51131234,40579.878076096,180.48791489340073,4.173803122478486,1.757419952766964,0.3850232917164842,1273.328216950103,36877.13899756377,5.164271833596029,2220.300230972098,0.05384106519191361,2325934.016290668,4.404197346044588e-05,10.694612403958342
220,1307,69.54960822,33615.643973,156.92005436991641,7.8469140640191455,3.802794842270908,0.5493593774230899,1299.4003281039445,48578.150622618145,4.275019402754513,1248.9330291608014,0.07923465883327858,3422937.2615976348,3.021786404045343e-05,13.803643273260858
221,1883,157.645778632,39402.171376904,169.1411119731383,6.364446729278401,2.8152536448114285,0.4719687562559783,73.25131300291058,38489.980188570626,4.893367945581971,1633.8013208426587,0.06933058793789491,2995081.3989170603,3.856186838160948e-05,3.682442343714655
222,1372,4.636640548,27824.479928548,155.27581254435427,6.177955698279143,2.915658924211972,0.5937726545898123,1353.7475365691782,48534.463686455005,3.5590021546131525,1259.3191807431122,0.06541972074621266,2826131.936236387,3.0403911425220117e-05,14.877637375790117
223,764,-32.456483836,25584.982543864,132.35703913315953,10.315594977127413,4.940501627936947,0.7783228841629666,880.2595792162713,41785.11401824082,3.227564156813596,880.1990338403058,0.08488095349708027,3666857.1910738675,3.541613120522948e-05,11.66492909496026
224,804,222.558746304,35507.393316584,148.81923544869565,13.324375664750303,5.730612856780641,0.6565475910947433,1815.0321951243097,42080.19029137777,4.497339386006742,1013.4518752432925,0.10272325792953306,4437644.742555829,3.413416663267667e-05,17.82515703702332
225,1399,176.19234082399998,37093.124384,166.4022958099827,8.088872353699843,3.3076080933387306,0.5473503573200432,1226.4144702334515,36485.87034588111,4.721812252589804,1402.8318936503551,0.0779146881714199,3365914.5290053394,3.668036458522092e-05,14.59596622856099
226,1638,880.96170412,38256.921161548,163.16761028908707,6.969656447401515,2.991282266742699,0.4773641726461404,1171.5538415209219,40813.6928509693,4.694111480905754,1436.7247515146116,0.07563034455234302,3267230.8846612186,3.458638658948343e-05,12.733649191721224
227,1021,78.822889316,33611.007332452,147.44761308616285,10.017615794946762,4.6913704410002515,0.6103589488849189,1367.3631924017336,44125.37519498292,4.2432489335784425,1094.8466188213274,0.08971426066026415,3875656.0605234113,3.309409265910912e-05,15.39673172833263
228,1419,111.279373152,34770.167469452,148.5422875194895,7.465082494004178,3.5581099625558963,0.5315983100029847,1953.064607872445,45302.01753375285,4.357970579814899,1284.1945206254904,0.07855425870972525,3393543.9762601308,3.0040356623362633e-05,16.448817454860034
229,3998,370.93124384,40565.968154452,178.62857401905492,3.0649648291864238,1.3057766851545165,0.3741151939793921,1018.6992599095354,32290.395314311736,5.401370675353392,2986.0369369996606,0.04187213059787998,1808876.0418284154,4.56693988104092e-05,9.390050832597417
230,1142,-4.636640548,37093.124384,155.13890132862815,9.894819484564369,4.388612632571213,0.5688438252396482,279.0687113455131,45963.284637597724,4.526354939504588,1113.284475330001,0.0941149697427482,4065766.6928867227,3.12396932425863e-05,7.347240003457499
231,2843,102.006092056,40561.331513904,177.28986531255063,4.357727441620167,1.8646847018715123,0.4042684608899834,975.6846323455998,35160.257619984695,5.244070098143202,2264.1852344825916,0.053613330606686264,2316095.8822088465,4.5093326757228856e-05,9.97182814022962
232,1206,-60.276327124,38247.647880452,150.04599951797405,9.688556696951583,4.373278773613424,0.6496739681750042,-796.7701256830387,36468.347288089266,4.619282739766464,1230.6395992791192,0.08688802250547902,3753562.5722366935,3.799431446005706e-05,0.6271622481235327
233,2823,185.46562192,41734.401572548,175.98343039194208,4.500394945131065,1.9155533038866832,0.3900025726379844,1135.4194796917625,35455.47844823324,5.3722207034773675,2226.723165794457,0.0558475173918956,2412612.7513298895,4.2128541101926335e-05,8.026881380141552
234,3462,-13.909921644,4743.283280604,166.40024572528276,0.4444092549102858,0.36000163719698225,0.5088165508310186,643.1250337027551,32413.399685724693,5.1842894407134565,2316.2105266334947,0.051811654699169075,2238263.483004104,4.1216719247616055e-05,14.797898640647217
235,1356,922.691469052,38247.647880452,164.20696166156551,8.393697167019468,3.5863094729754956,0.5274124386396276,941.4824443547967,35894.53449393089,4.732187705504519,1363.056951367624,0.08036449391344615,3471746.1370608737,4.063043744464722e-05,14.436837228950772
236,2030,296.744995072,41715.855010356,172.95422076701763,6.233069659337549,2.519348166015651,0.4481154794710197,1564.9014890171588,30553.641955468687,5.34174935550968,1850.4661175665658,0.06682186951589235,2886704.7630865495,4.842689396598176e-05,16.027044446498607
237,1217,338.474760004,42884.288428452,159.77852956972328,10.65295832589267,4.415766192999123,0.5369744859395229,1306.0200783367197,33827.58426395627,5.335293965944227,1341.7310032223345,0.09204689676320511,3976425.940170461,4.3916018869812435e-05,16.851181789536014
238,1599,-88.09617041199999,34774.80411,160.68615204401692,6.6571951760643975,2.9024332198265514,0.5241257304779213,1669.6423653284646,37485.64162289012,4.551998045829759,1518.1890925234372,0.06940527082816032,2998307.699776526,4.106477749357042e-05,22.34766566879577
239,1515,769.682330968,33615.643973,147.64217108573357,6.649392874776199,3.170721063543849,0.5134388387919825,2083.698242460351,48588.86875230357,4.1610770433798345,1311.3538385355923,0.07345174507864177,3173115.387397324,2.8914939510061018e-05,19.325674018406076
240,2013,139.09921644,37093.124384,166.00983917541632,5.590052833942174,2.590814135446939,0.4475646425344433,2117.1330127427727,45925.88699776422,4.783525909144354,1712.1898120636772,0.06467143165740345,2793805.847599829,3.09119897827702e-05,20.06060138528606
241,2062,843.868579736,38238.374599356,161.16667063392592,5.550622264366334,2.391296200117432,0.43328338242838893,1842.4870776807243,42489.55620598894,4.753158081170423,1648.9186694525645,0.06672664302541319,2882590.9786978494,3.236041795388781e-05,17.694785706039
242,1202,88.09617041199999,34770.167469452,159.2624893111145,8.852654461037238,3.7967083482070345,0.5874912341705215,1332.0504746565232,37656.35644083661,4.511637122162475,1268.1131051781547,0.08235546503545497,3557756.089531655,3.6011876889967e-05,17.933107975855002
243,368,55.639686576,20174.023024348,118.13509214410746,16.678866159282755,8.492712559968698,0.9268209049807276,-488.9673239904572,58760.595953626405,2.4405778441120374,523.3716073897363,0.10794406250724209,4663183.500312858,2.5640011297131933e-05,0.22015041305509503
244,1444,964.421233984,35929.327606451996,166.76031763970272,7.381112239547377,3.2070311258103126,0.5148156257960697,2058.153149098953,40546.38807560832,4.619647225765743,1408.4058728370978,0.07592717442933845,3280053.935347421,3.4505218707215894e-05,21.962891062711602
245,1392,102.006092056,33611.007332452,162.8999854497996,7.339601955696239,3.237294519623092,0.5488854450777344,1736.5187956258676,40353.70626482385,4.3641900110106535,1378.876728995679,0.07326464708351713,3165032.7540079397,3.507633404956388e-05,20.614062232388804
246,1441,18.546562192,27810.570006904,155.55815004537308,5.8819373398396655,2.867907630082918,0.5791075032722929,1989.7493173622386,46202.818638712946,3.6174265570898054,1303.0613734468059,0.06426153638263658,2776098.3717299006,3.294053673458327e-05,20.726682020954417
247,2589,-32.456483836,40575.241435548,177.1159526314876,4.795675508242191,2.0019004290499827,0.418487002375842,1070.169028998378,32883.66202215999,5.406076491877483,2204.073551228383,0.05677698889152638,2452765.9201139393,4.686063495096759e-05,16.817740460218168
248,2991,268.925151784,39402.171376904,179.18910777560217,3.993947789409876,1.7387657871196192,0.39644208504801504,1512.5781510591016,37340.13180260661,5.16340942964391,2384.815809451837,0.05011848963480977,2165118.7522237822,3.9538199635809335e-05,16.230973637268715
249,783,129.825935344,32220.015168052,140.80040938911844,12.498545345071435,5.61711291348594,0.7057516410788738,1799.2870642985906,41249.55183058577,4.125442475245778,970.1308577894875,0.09843656948635521,4252459.801810545,3.3563222491635674e-05,18.63017706031681
250,1715,13.909921644,35929.327606451996,149.19001170359215,6.456074988865491,2.9853423717204444,0.45104041017598623,3551.63795007724,56714.63443180048,4.5794766455360385,1256.050041231976,0.08439664054138966,3645934.8713880335,2.4256132112557313e-05,22.540678526265463
251,2638,-32.456483836,40570.604795,175.94514801733422,4.704674191733746,1.9964134794845276,0.4080026990799302,1881.8866309586479,35040.38680053046,5.403257003878422,2168.6726919952707,0.05767370708819234,2491504.146209909,4.0658915475615037e-05,19.874860588095235
252,2578,250.378589592,37097.761024548,171.69198236484021,4.358461344787584,1.8442864382553434,0.4275651466530392,2326.7854291502845,37733.937741728834,4.9086114022956,2072.041696748671,0.054837344306498295,2368973.274040726,3.743673755098186e-05,23.00630413898949
253,1034,27.819843288,33638.82717574,151.1128432246872,9.934945580309353,4.480926673132389,0.6163588527519268,1833.3170459092617,36064.69158843635,4.339118063637653,1139.34769717251,0.08815794161752011,3808423.077876869,4.263956479830534e-05,22.991916826152327
254,949,245.741949044,37042.121337972,147.5449675809517,11.868040905435187,5.227979307408888,0.6781756610553351,-774.568005246959,35745.19125162516,4.4117714425116645,1075.3554626366983,0.09496798267674891,4102616.8516355525,3.861888125288083e-05,-0.04086225117328001
255,1110,-23.18320274,34774.80411,157.32884009330664,9.578796788942363,4.254400628925302,0.5719798562611786,2168.2017451076017,45333.214549590084,4.51952356382658,1153.8444344974034,0.09066958931952937,3916926.2586036683,3.266785440742245e-05,21.799768836976785
256,2248,296.744995072,40575.241435548,168.3342605237245,5.460625631121188,2.3902984005107664,0.4384811244915977,1623.919029965353,32666.605022962445,5.279966053968767,1924.015387244872,0.06352414707528892,2744243.153652481,4.1473566167634186e-05,20.604265669227374
257,2352,408.024368224,39411.444658,167.95283859064762,5.028052661818926,2.1417501579093305,0.42892838323586363,2154.08570584359,33570.84284270783,5.111830519654189,1909.6490676147446,0.061963955673269414,2676842.8850852386,3.769531444706307e-05,21.9623989695062
258,2501,111.279373152,38247.647880452,177.93319644278841,4.6568908945121805,1.974873711537538,0.42852836056520144,1526.1698283221644,34402.023156233576,5.111163629054548,2138.562748093941,0.05532405958171306,2389999.373930004,4.311690360461251e-05,21.22925499312851
259,2218,60.276327124,39402.171376904,173.05906282332487,5.418864002962736,2.4047794803365936,0.4342844975300635,1695.0148378566607,35558.338532057445,5.225584128269646,1940.6026168404737,0.06233249121282671,2692763.620394114,4.3009429057642775e-05,22.043901855380362
260,1697,273.561792332,40565.968154452,159.68661259025862,7.254235797866221,3.1281242667086158,0.5049099853511488,1402.4219094936782,30996.18763434629,5.162744025851554,1613.83919496337,0.07405196498780729,3199044.887473275,4.302754057028263e-05,18.444046990607056
261,3408,333.838119456,40570.604795,173.9613592804364,3.594371240364442,1.56920741537404,0.39158565395765577,1236.9261348624652,31531.433025369337,5.328886111997658,2607.552746833571,0.04730636622209204,2043635.0207943763,4.2805769025858924e-05,14.08888016383701
262,1771,245.741949044,38243.011239904,169.4098074377344,6.545957362403434,2.812561284487916,0.4891914954822287,1706.3812147225249,36065.23249511412,4.974637065768659,1649.5741162963513,0.06980810055399427,3015709.9439325524,3.932296347123075e-05,17.171353395166797
263,2330,227.19538685199998,41725.128291452,172.7089501024195,5.445468047138618,2.400601772771558,0.4154847007642507,1359.8261623025323,35866.861246497516,5.363629931997603,1977.1405926121697,0.06279679894371416,2712821.714368452,4.1054469071477356e-05,14.302358715261764
264,2130,-23.18320274,38252.284521,172.51174538969684,5.491455805178994,2.319779395338023,0.47711161810283603,1509.4496310090176,32981.99073803952,5.041640468321412,1909.0276699981903,0.061133027197302854,2640946.7749234834,4.4936251032138806e-05,18.660079381514585
265,4774,129.825935344,40565.968154452,175.93464369257083,2.5895900636711815,1.123025537585042,0.35849948906335805,596.5419293635813,36794.74094560356,5.212543750416552,3177.7656022942556,0.037970306833276984,1640317.2551975658,4.082314404058079e-05,5.3469321001795285
266,2679,241.105308496,39402.171376904,169.83538989360494,4.450610884045803,1.9674463206379713,0.3975779791031279,2135.665270265096,40882.11031451586,5.116341285554504,2060.5149701479736,0.057477779958083584,2483040.094189211,3.570611919526735e-05,16.665282628386223
267,2789,352.38468164799997,38256.921161548,169.42192937887268,4.143181882577055,1.8330556156567743,0.44116863602511425,1432.8191923487236,32168.68228505982,4.9524207123742565,2258.810914537721,0.050752087128752996,2192490.1639621295,3.916834658539119e-05,16.561425012554174
268,2722,227.19538685199998,39392.898095808,170.79308319325557,4.391158704434045,1.9436525502074566,0.41429289340266734,1363.8894992355506,34999.77691807819,5.06262897157458,2146.545736480312,0.05459491659622047,2358500.3969567246,3.9342990143356124e-05,13.963448059845858
269,1816,-41.729764932,37083.851102904,170.97126268107388,6.251389656119816,2.6989437817487443,0.4832337987270774,1766.007216351814,39543.8283249,4.856956544940653,1661.2750546547438,0.06767666157171655,2923631.7798981545,3.688772903261423e-05,18.758142372336124
270,1818,955.147952888,38247.647880452,168.0372990046385,6.259965773294004,2.6505241957121815,0.4647723657495153,1942.2096791946606,37366.294724684936,4.863382652506004,1639.459615890064,0.06866793243957024,2966454.6813894343,3.878537241713714e-05,18.119595719657916
271,2595,194.738903016,40575.241435548,173.50514862375272,4.748527549362302,2.0546580836864785,0.4091148904352504,1630.1626865371722,34545.94543696336,5.285081364356317,2146.001969852181,0.057008263792769895,2462756.995847659,4.199902360673533e-05,14.322721931315419
272,2649,27.819843288,37093.124384,177.48338830574534,4.2842213024663005,1.8437297414533935,0.4335984169965307,1964.2217993308739,43081.35263772068,4.94888978660624,2018.289561949213,0.05675976138854013,2452021.691984934,3.300455408609441e-05,15.216996155768678
273,895,-64.912967672,26085.739723048,131.53834584709858,8.958777764741662,4.495234296111369,0.7708055028099791,943.1266050552408,36735.0432982254,3.334371478827571,992.099673687233,0.07779916375337247,3360923.874145691,3.983398056613229e-05,14.392068684453225
274,1808,338.474760004,39402.171376904,172.13036203288226,6.603526295106338,2.803091067847493,0.4583347953662714,1581.7499909252267,37665.414566983396,5.064420017228829,1659.4526002384625,0.07064494932028416,3051861.8106362754,3.9972592318986254e-05,15.87657906505069
275,2852,231.8320274,37093.124384,170.24860551844267,3.951026259300806,1.7150066299279232,0.44457414850056165,1295.0951091148736,33349.191055085575,4.869772224327755,2251.145732585221,0.05007503835259069,2163241.656831918,4.2647941159493486e-05,15.718226943633145
276,2327,190.102262468,38238.374599356,175.06830943154225,4.987687316272476,2.2585483680981726,0.45380510686317116,-969.6795478306141,37804.94590874108,4.666232653626862,1928.853246427708,0.055999410509807994,2419174.5340237054,3.831808888396048e-05,6.009987404652325
277,3613,301.38163562,35924.690965904,169.93132561784876,2.99546431904347,1.3552978436666059,0.41653998207963744,1177.4044038444804,38595.18218476747,4.6927588625771826,2664.311396485447,0.0407717647110493,1761340.2355173298,3.507255270661856e-05,19.92161719414145
278,1646,231.8320274,38261.557802096,164.62114725592218,7.067536504295164,3.0410207763490265,0.5232526125037779,816.2816146088973,31912.842658925034,4.831810263556808,1545.5243441532066,0.0723686173095106,3126324.2677708576,4.4479763210546105e-05,14.540439356713238
279,2426,222.558746304,39402.171376904,174.22631853179075,4.940728494717764,2.1133785659159563,0.4200352378168348,1365.1782430281023,35473.99070393343,5.215425712979865,2047.4282225377733,0.05896541120746995,2547305.764162702,4.332971128763205e-05,16.696902502706067
280,7620,292.108354524,12792.491271932,183.51989380699732,0.5073587401334689,0.30529928274185436,0.34276412116506705,671.4798248753866,31057.875164580633,5.748724963279161,4796.643423616881,0.02774280374016235,1198489.1215750135,4.57412992752126e-05,14.962058638768255
281,3411,435.844211512,40575.241435548,178.28097785503172,3.5905072033168315,1.5368560523016515,0.3755499210863726,1289.3344825493305,34529.709203827726,5.381680376017887,2592.4499549839393,0.04805336141226126,2075905.2130096867,4.5261131330780966e-05,12.489860134187397
282,2942,97.369451508,38247.647880452,164.05240216547836,3.969111383438517,1.7779159505577855,0.4254314387978702,1146.3562809870584,38431.537015048176,4.847670523845664,2173.35890131274,0.05163187515490937,2230497.0066920845,3.426630053114813e-05,14.908669315667812
283,4216,319.928197812,39406.808017452,174.21837771795583,2.820069149296368,1.2027912905333724,0.3636325947656708,1799.090155584038,38493.737468297615,5.228665249474121,2982.8667277965656,0.04057637462780925,1752899.3839213594,3.7092253954217915e-05,15.836463812570988
284,2067,134.462575892,38256.921161548,172.15946887683032,5.641075329401648,2.371534292500971,0.46822825544626295,960.037056082665,34515.08347135835,4.907010217847644,1764.239321495566,0.0643836684191598,2781374.4757077033,3.976508948521033e-05,15.793379409603567
285,1674,204.012184112,37083.851102904,159.66091381576936,6.748749927290822,2.9250120122067953,0.47594508072911335,1890.5450774250419,40067.731617448684,4.744274285868991,1491.037703017501,0.07365418312527819,3181860.7110120174,3.587896150176881e-05,20.2716364216299
286,353,176.19234082399998,12639.482133848,107.66041110535467,10.693338310314745,6.447186559005471,0.9565854445821745,1178.269305858228,47288.04254588226,1.6155165341735902,433.6750389243226,0.0862309626156714,3725177.584997005,3.053185087431432e-05,10.47367049782109
287,2968,213.285465208,39416.081298548,176.86867294130116,4.032310026409027,1.7462936690906845,0.42280202045022097,-132.64818583151123,34062.09781428945,4.974933870465648,2368.2208109954627,0.04862743614366436,2100705.2414063,4.06815701940004e-05,6.216258431397241
288,1875,199.375543564,37097.761024548,175.0729841863847,5.971042406329611,2.581479471601836,0.46578019504192564,1732.9023634597054,38841.21481196979,4.83414039500892,1711.2877185459247,0.06539017186875866,2824855.424730374,3.7826324860233196e-05,19.93669899954975
289,2047,125.189294796,41729.764932,171.8677510804969,6.205926025836904,2.620973019360647,0.44177752178931495,1048.6780273137852,35193.41650309424,5.28755105879643,1792.1590615430378,0.068295843754256,2950380.4501838586,4.5509403649986145e-05,15.2418124224746
290,1964,171.555700276,38252.284521,174.87581202648204,5.94042121417788,2.5829763823623586,0.44338870633340216,1218.290008348733,42641.80756126469,4.888514604192999,1654.376775965958,0.06840041635387044,2954897.9864872033,3.5434319849433065e-05,13.98704351874143
291,2606,227.19538685199998,38247.647880452,176.60579477617534,4.457190989933238,1.9145065501242928,0.442357786087103,892.8908408249174,33342.16430019984,4.994816894041144,2185.894406372886,0.05289402868640406,2285022.0392526556,4.3085843067398084e-05,15.94817476514571
292,2831,180.828981372,39416.081298548,181.922314752342,4.232155687997242,1.7736144132991043,0.3938937874502523,1390.033460668795,34844.19468273511,5.262951782505459,2286.0159132834015,0.05329253696358392,2302237.5968268253,4.4849911353699806e-05,21.814488123710163
293,2428,352.38468164799997,40565.968154452,173.2727601977713,5.051048471063689,2.1385264956309835,0.4324585701917258,841.3464536052469,32518.07337939224,5.155578627941558,1996.100548752063,0.05978761838607214,2582825.1142783165,4.332006319768183e-05,11.035856526002025
294,1559,259.651870688,41720.491650904,169.52951935859437,8.091450307381736,3.24985144591399,0.4947782573644603,1411.785112694173,30107.08080825403,5.310268312279541,1550.7141433838897,0.07926856031043052,3424401.8054105984,4.862627231641407e-05,18.72170841168319
295,1001,-18.546562192,33972.665295196,145.9921393493223,10.440282509454518,4.659126689365691,0.6454186103249479,1565.0648148631687,40412.40685708001,4.368009586106029,1124.973476596218,0.08987885947110655,3882766.7291518026,3.553142110615618e-05,18.493895266632215
296,2190,190.102262468,39406.808017452,173.57444959658574,5.4699581701577005,2.3550236404242493,0.4351704646758852,1415.269956843494,37008.83750599799,5.114773487361017,1918.0698213536525,0.06172743719313392,2666625.2867433853,3.989086436942622e-05,16.509265165896995
297,2114,115.9160137,38252.284521,174.3136961716724,5.509662299848961,2.374200555322556,0.4521356567685403,1740.9650756704884,37473.0617249636,5.006861098654133,1830.711373547186,0.06330848441951759,2734926.5269231596,3.942626463586292e-05,19.760542400215144
298,3214,185.46562192,41720.491650904,178.52688468968051,3.943620132329756,1.673184588335935,0.4119107546323134,-903.7129604186952,30819.764443961023,5.0433976057008465,2491.9018263219464,0.0468498853821602,2023915.0485093205,5.1946089076848023e-05,5.694024857983277
299,1945,194.738903016,39411.444658,163.86958448985152,6.170503183590887,2.7521193714553998,0.4462875614435746,1496.3841887660788,39646.700185951704,4.982282598742566,1639.4738782537138,0.07034611361693541,3038952.1082516094,3.591883567238532e-05,15.925520746699684
300,2450,-55.639686576,40542.784951712,173.36772518393812,5.052126790101405,2.1981674162141767,0.45087378785962257,804.2614818818817,35119.74632344557,5.279885878193049,2016.0945651521504,0.060621948308513175,2618868.166927769,3.8767702889066954e-05,15.566095604993313
301,522,255.01523014,25116.681848516,129.42324718210483,14.455259254811605,6.946081244224836,0.7970758818448348,1882.1257724790385,50623.87283877035,3.1635613895463597,730.4907891651909,0.10024847514459269,4330734.126246405,2.9739354748648657e-05,15.971636194669362
302,3805,273.561792332,40561.331513904,176.27332094719264,3.239584015533735,1.3800965870296167,0.3602449285623202,1420.4475384482535,36468.82679193698,5.435531667880091,2748.0867424385838,0.04578548790653798,1977933.077562441,3.940656551788545e-05,16.424695793228757
303,3951,125.189294796,41725.128291452,182.75340078908977,3.2082265445097047,1.323952155162866,0.3545584318195307,1291.3997414521455,33124.12665860115,5.632555634463144,2981.0837915239517,0.04373685592131129,1889432.1758006476,4.6051444910712625e-05,14.336244581700262
304,2781,333.838119456,41729.764932,179.14137267987414,4.5495711661839495,1.8932687829376893,0.38825217355196684,1535.8876004190386,33393.40743080559,5.422225195068553,2270.5565104096504,0.05527916681775219,2388060.006526895,4.3409989782055325e-05,14.616167360462088
305,3749,500.757179184,40570.604795,177.19239211495287,3.2644489534972907,1.400357421927155,0.36810734337569234,1479.036198729677,34723.00216016756,5.299428951269948,2779.263516995664,0.04413829984613637,1906774.553353091,4.193895005335649e-05,14.804282430150002
306,1651,194.738903016,38280.104364287996,162.5347863985411,7.042813170398883,3.119743968584729,0.5069900790914885,1693.2501101531518,35850.98781129353,4.914128872605056,1551.5602563562074,0.07331522104678005,3167217.549220898,4.057852093929215e-05,22.231666908494756
307,844,115.9160137,35618.672689736,149.27140581789777,12.877422626450576,5.5961056107948774,0.6426136005414007,2028.711114214557,41171.4663506377,4.601326730692449,1041.4668807490168,0.1022713202012723,4418121.032694964,3.441242918177909e-05,20.80369060160025
308,2366,204.012184112,40579.878076096,167.8318042922918,5.2156592425361605,2.307880420729136,0.4175203287153816,1647.4717934128803,34783.98113594825,5.241350293495717,1968.460392321913,0.061635760396004595,2662664.849107398,4.380815417632554e-05,17.0426733762901
309,4990,922.691469052,42888.925069,177.84655370004484,2.588874446866378,1.090438314186002,0.32309914211460083,-611.7278135640875,36079.15894300341,5.391897794026444,3173.391597577546,0.0393309319376388,1699096.2597059961,3.7750405406868194e-05,7.971845009623518
310,3379,445.117492608,41720.491650904,176.11558061095627,3.7251000750728407,1.6201135435678613,0.3664548296275583,1913.1321941909139,33945.35987881448,5.533553197404521,2569.5407524939483,0.049849962128390254,2153518.3639464593,4.116513200026701e-05,15.044174713435565
311,1343,296.744995072,40570.604795,161.08162127523053,9.147429641835048,4.015750495595874,0.5097940799861806,1716.8001575104913,34788.23149913915,5.182353456611387,1411.9019103107792,0.08496474485490481,3670476.9777318877,4.432545330976386e-05,20.61245571596927
312,1796,-64.912967672,41725.128291452,169.93908838761453,7.1177669801655625,3.0244202912512272,0.46054667730433263,1952.1550231840195,32871.649202077584,5.48418411523218,1708.4197645337422,0.07430767836250234,3210091.705260101,4.474123849847674e-05,20.650734855068517
313,3034,129.825935344,40570.604795,177.38404026957278,4.06757058291704,1.6982236633756684,0.41011047566182895,1475.2389395767063,28681.49436364402,5.447562839685214,2436.5188731339676,0.05175457208635646,2235797.5141305993,4.795620442195481e-05,19.810053625647146
314,2483,199.375543564,40565.968154452,174.56135857090285,4.960406665063025,2.11605909052355,0.4110996391415345,1778.5671610080644,35085.85783987642,5.292919973112071,2024.2866237537423,0.06052566580057363,2614708.762584781,3.934748135655828e-05,18.377311631084098
315,2496,250.378589592,41743.674853644,178.32446741095765,5.068665945764537,2.0711927569661426,0.3964240583323462,1744.1396343562453,33171.25459471573,5.464889827424902,2093.2415190316724,0.060433580257408095,2610730.6671200297,4.376865109080079e-05,17.79573664071024
316,2617,-41.729764932,40575.241435548,174.7283375310508,4.7326307757018355,2.01250627215207,0.42488781266764564,1574.1522388146152,30836.99367443652,5.359741767234954,2177.780766760817,0.056969966103754426,2461102.535682191,4.690718272555518e-05,18.086606604542133
317,927,222.558746304,37422.325862908,137.0085275018003,12.236086191606503,5.8430180227580095,0.6282537623922261,1598.2597315066769,41924.17871017459,4.676141812512496,1107.6214009539958,0.09772655470954113,4221787.163452176,3.348839072669238e-05,16.92002842446
318,2484,-27.819843288,39416.081298548,176.85920154906142,4.849161739654903,2.06054636726815,0.42995451673816865,2065.6148461431576,32425.618866597204,5.391142521635994,2173.664392817444,0.05741225103147371,2480209.2445596643,4.453263711164042e-05,22.576422939444626
319,2376,13.909921644,40565.968154452,176.75907744941094,5.197020728937009,2.165043245255896,0.42473315176315585,1754.8570956880963,31594.429616102072,5.385684987258497,2092.3970784434364,0.059581728176116455,2573930.657208231,4.793680282274489e-05,19.205001082532185
320,2256,143.735856988,40570.604795,172.66993403229628,5.48295696609453,2.4239489707747497,0.4466412393192152,-895.979721260624,33955.55316822715,4.905809161653973,1885.333299382258,0.06023359227661096,2602091.1863495936,4.2110939969182434e-05,4.304423487073076
322,4721,-13.909921644,39416.081298548,178.6998045230043,2.5566402176521703,1.1256259573899314,0.3791143043150275,308.4498129849718,35569.24612617327,5.198386541274131,3378.011303451722,0.03562244497695855,1538889.6230046097,4.054493227890839e-05,5.778160419577864
323,2487,338.474760004,41743.674853644,174.1960659228691,5.096505350635341,2.1548630256879386,0.42477877137062797,196.26273197986427,31097.54782613173,5.254886018236984,2123.265250528141,0.05728953554979769,2474907.9357512603,4.6168485747186664e-05,9.58990784991231
324,2072,46.36640548,39388.26145526,170.14898409885905,5.779063009287037,2.5257408284227982,0.4558436411798279,317.4630151519804,38350.102872123556,4.921660674161074,1658.8852365448065,0.06867704161240695,2966848.1976559805,3.6230813687973754e-05,6.001802032346315
325,1764,176.19234082399998,38247.647880452,167.6699729176281,6.589569650522153,2.9387177687242505,0.48112113216073304,-217.8024940766269,38916.192612451625,4.6994240392214275,1475.7949750187845,0.07371143398118818,3184333.947987329,3.7863467303628525e-05,4.834060349163554
326,2521,176.19234082399998,40570.604795,171.67711639566681,4.908265608363685,2.156814766324027,0.429261588038469,140.13770742820117,35534.80784024094,5.048333801457298,2026.418758076649,0.057668030495509885,2491258.9174060267,3.9025561946573137e-05,4.213600935449839
327,2141,120.552654248,39416.081298548,168.41984635960625,5.615138469289314,2.4827988384652695,0.44701028842003315,689.2090466599748,39205.522034709684,4.924239449405239,1769.415508022708,0.064420721856997,2782975.1842222707,3.61624702596562e-05,6.091400783002246
328,2774,231.8320274,41725.128291452,175.34796731549292,4.563113850941982,1.9834754555556888,0.4052625780940913,60.01758595521204,31171.224844434433,5.185022452363988,2267.318390131849,0.0529363976410108,2286852.378091667,5.090281939130138e-05,4.728936289052815
329,957,523.940381924,36128.703150016,138.59336890693177,11.353165728654757,5.187299696047831,0.6907443351614472,278.4250651228773,36117.86388607568,4.319019379249647,1135.40395266939,0.0880543882294422,3803949.571511903,3.792239418360615e-05,6.432461752986694
330,1200,139.09921644,40570.604795,153.1764660452862,10.279989021452309,4.593342132760566,0.5671310173080947,-141.50697072717938,34798.615097608126,4.857777403108898,1252.9968556000415,0.08974368171422205,3876927.0500543923,4.326726419863308e-05,3.8115428482000175
331,2548,180.828981372,38256.921161548,171.11926385574608,4.579402799071572,1.9848160356084934,0.45458174483770575,-889.836384477497,35652.8299645401,4.642577389100425,2010.9332393400434,0.05344139083772291,2308668.08418963,3.948755757421985e-05,0.719547900238593
332,2546,-18.546562192,39406.808017452,168.56236161811188,4.743088311784965,2.24918563682711,0.4292010633270923,-873.7857005930767,42787.12050853489,4.793926278776315,1948.952755080553,0.056938535540759234,2459744.735360799,3.315626328535334e-05,1.1133546583889713
333,2189,-27.819843288,39406.808017452,166.52296388514577,5.51766215103489,2.5242073824098763,0.4752560598091937,-527.9768745142204,35004.623053052084,4.874418465566272,1807.4776076166938,0.06242609053717547,2696807.1112059797,4.132208534454293e-05,4.636435933428693
334,1873,157.645778632,38256.921161548,169.04917851506835,6.232188444237054,2.7854773072373926,0.4769271988110458,-69.08682120467006,42166.87906651341,4.766720158590269,1565.73171714313,0.07047231859947375,3044404.1634972664,3.177832912206709e-05,4.075264729404661
335,2832,0.0,38256.921161548,177.11598619301157,4.1382544592218276,1.7302384486653508,0.4430617246433209,-262.2263696514663,33991.412638682385,4.825913441247835,2262.44874841965,0.04937612812938895,2133048.7351896027,4.281229115969312e-05,2.9090436970957785
336,3420,491.483898088,39411.444658,173.54850369816106,3.450561733100235,1.5023385258398336,0.391855582679744,668.2831608010187,40132.52300027211,4.963632896744814,2406.5250864271547,0.0477447379605152,2062572.6798942566,3.5777370016712386e-05,4.438574105832415
337,1246,46.36640548,35933.964246999996,155.85045517853828,8.788706687277966,3.957439945811896,0.5987024529393079,105.45514683051155,37550.54630005115,4.423973797223799,1245.0108215560808,0.08225374357282174,3553361.7223458993,3.5689963340638126e-05,6.639035788119879
338,1165,32.456483836,32456.483836,147.98634167915222,8.51178488630627,4.108230255023824,0.6245324492272362,-148.6608572174358,41286.4262196466,3.9739967972392694,1109.089873941903,0.08294248172676001,3583115.2105960324,3.149853970862449e-05,5.42842604521697
339,3199,78.822889316,40565.968154452,172.23822703008776,3.8773270325070652,1.7178558168468436,0.39770189084854135,90.86607802573333,38081.1852354983,5.108540456345467,2321.857314582731,0.05093045578709255,2200195.690002398,3.635260874781388e-05,1.0397187044311356
340,2859,64.912967672,41734.401572548,175.49749953545617,4.439788182933468,1.9112755312198022,0.4074081727393605,-438.73438770410235,34882.943968973304,5.153663155156918,2195.88149444406,0.054327958281477316,2346967.7977598202,4.357824523242302e-05,1.967365771066993
341,3803,148.372497536,38247.647880452,176.6458551747021,3.059426639137414,1.346679491763645,0.4195160847831167,236.38524556784972,34161.65808900586,4.9124639082708095,2831.9509296766028,0.04015410052817168,1734657.1428170165,3.8617883280709316e-05,5.784453674252965
342,3340,310.654916716,37093.124384,177.47603211899505,3.356275859159798,1.460266513367202,0.443321342483009,22.244584314935512,34221.23751977212,4.722408634283371,2593.712899897663,0.04214615067334497,1820713.709088503,3.7393104030600404e-05,5.701551646339884
343,998,222.558746304,34774.80411,146.91152314578343,10.514662941135166,4.791661883325397,0.6382138314687323,97.22921403666243,38898.02698685157,4.205728107593407,1130.1867600544745,0.08614046876704738,3721268.250736447,3.7055628306728385e-05,5.893958549525833
344,1792,250.378589592,38247.647880452,164.05543221003367,6.452156662686549,2.8008903540917314,0.5207161663839608,409.85053360704666,33244.13266917709,4.735446503482958,1603.6022816791437,0.06835661090197069,2953005.5909651346,4.039003956199189e-05,8.339583404503214
345,1943,148.372497536,39397.534736356,167.88362695092547,6.144430793929652,2.677220206962489,0.4705992650090432,339.130271704084,36210.5879533133,4.846174496608742,1668.2383831554232,0.06724456548415543,2904965.2289155144,3.878125688861463e-05,6.116448495144382
346,2857,18.546562192,40570.604795,176.259669542117,4.340810721257281,1.8922797315076811,0.39708819297262754,613.1908708235636,37806.989019592984,5.124628298105092,2150.5100367425607,0.05516163748224801,2382982.739233114,3.894874495452592e-05,5.679192109202835
347,2471,153.009138084,39411.444658,172.02809107989216,4.8196474165655765,2.155634056314256,0.42785171062282656,75.81488954851625,38313.82201939968,4.8397486858087495,1941.3320985620232,0.057708425911202725,2493003.999363958,3.8939365380852704e-05,4.509209278175367
348,4199,0.0,39420.717939096,181.01142687226553,2.8744572706006295,1.336993574059031,0.3766826270074153,-386.3252922416105,36774.38230258488,5.083937591605509,3114.9781209119456,0.03777995734749191,1632094.1574116508,4.0563430749894315e-05,12.01196146781035
349,4208,616.673192884,40570.604795,179.42018607818216,2.8939410094103377,1.2278526437367472,0.3691302791897131,696.293006826999,36320.30329767864,5.186928153226507,3033.166886267413,0.03958495718395567,1710070.150346885,3.975307772402091e-05,5.482890240428274
350,2123,-32.456483836,39416.081298548,165.48720138316526,5.695877387948752,2.677212341027627,0.48232479275977497,-615.6755552622998,34605.41440385505,4.828664840052138,1762.3576498160658,0.06342336306534982,2739889.2844231124,4.191018526151456e-05,7.645317254438521
351,706,301.38163562,33105.613512719996,130.82104228680856,14.150635942489549,6.863810111707439,0.7488000890272869,-918.8180099311584,46312.02890253515,3.872714678642543,880.98291999256,0.1017569933336308,4395902.112012851,2.9305267059989176e-05,-1.467419308243366
352,2291,18.546562192,38252.284521,175.10213225042813,5.103916028332446,2.3046640214542653,0.4544537537393863,-650.0269624389865,36284.00406929813,4.734374670634785,1896.9908636438981,0.05777149925444587,2495728.7677920614,3.9311531016701175e-05,8.415099352738586
353,3244,231.8320274,39416.081298548,177.4585746692559,3.7013327891914063,1.5842665904491322,0.41710015154682645,-781.4000092463733,33691.637884933174,4.883073830760357,2455.8208899738675,0.04602701968790111,1988367.2505173283,4.356297080571872e-05,2.1461064110274286
354,2264,37.093124384,37074.577821808,177.20810366188954,4.977305070696472,2.2531696815332727,0.45464740013878924,-1134.747398563716,41983.86257109456,4.569145186882433,1873.6081343135845,0.05645110509466353,2438687.7400894645,3.355641111351552e-05,9.081715900757231
355,1927,0.0,39416.081298548,170.28273984107162,6.285004596689354,2.631307732913191,0.4745724419826708,-211.24823090724442,36065.74568989523,4.865510126330047,1651.9236812903594,0.06817963232576624,2945360.1164731015,3.778011407572009e-05,6.5943507668390655
356,2009,278.19843288,40552.058232808,170.44209460871,6.1378563087661515,2.6741095339727305,0.452325725853137,-686.0153873992288,35248.299997896196,4.923802834131468,1703.9725467895653,0.06688894000756615,2889602.2083268575,4.0825431404688776e-05,8.050164229227402
357,4523,194.738903016,39402.171376904,183.78825083427114,2.6465437365491464,1.1633987204112202,0.37659735449392934,-77.3551235860238,34494.2316995654,5.118830151189283,3321.1880479674733,0.035677425359112815,1541264.7755136737,4.181096787462412e-05,11.583122857701252
358,4849,176.19234082399998,40570.604795,182.22338106186655,2.547331865187832,1.08806598359792,0.3561219796708478,982.9607983541888,36337.35339522967,5.363053956743694,3411.678384745555,0.036388180102877414,1571969.380444304,4.307653287190012e-05,9.146093831152282
359,4482,-37.093124384,35683.585657408,181.85462854812002,2.436861863822353,1.1259287260245234,0.3566988014652509,-319.30985886180025,31510.010135953045,5.355132948564543,3176.0538132388974,0.039030009608051086,1686096.4150678068,4.849560139317293e-05,11.971916430755222
360,2415,486.84725754,40575.241435548,175.8678895761369,5.0713417198838515,2.185600634832311,0.4199170176380925,-262.32047052702006,35488.58028228238,4.970051920079704,1962.8331582992016,0.058612978725956506,2532080.680961321,3.866035584499426e-05,10.91569584335627
361,1636,-13.909921644,39406.808017452,160.12301570145743,7.3807174822825825,3.3218362598653575,0.558759453194292,-443.44871308724123,32324.131603737733,4.823990769770153,1522.4057353040425,0.07334868124471274,3168663.02977159,4.1377837135618543e-05,6.331251440893961
362,1391,885.598344668,38252.284521,160.0210000932237,8.197807751041074,3.6610684436476797,0.5290272165740816,-473.4203583405561,38916.45566147195,4.514466332877958,1320.8957345371907,0.0791141441000268,3417731.0251211575,3.563935831420859e-05,7.072685156287393
363,1802,120.552654248,39406.808017452,171.970473631381,6.6427926186433535,2.875215455480473,0.5063449421879964,-588.0547391385209,33652.20982233906,4.8382769714835705,1642.0652247870103,0.06820505691678734,2946458.458805213,4.306402864226475e-05,7.434659404645533
364,3508,208.64882466,40570.604795,170.35310550322356,3.511834036824628,1.5201330484533482,0.40317101486682,-1340.5742081746344,33587.728764635205,4.865873916625611,2518.90175506402,0.04471630148568329,1931744.2241815182,4.1550112448275585e-05,-2.768307528273763
365,2161,250.378589592,40575.241435548,178.12323049301062,5.70008662189389,2.457353529544571,0.4415288005786106,-724.9276403183644,34667.1522856575,4.941548036320574,1834.0611889196489,0.06236852222652349,2694320.1601858144,4.266780570897611e-05,8.947776119747633
366,762,111.279373152,33648.100456836,129.93691411903143,13.461561727096397,6.459104835585733,0.7586134566860535,-1031.2546594250587,43234.172698395574,3.943104018284831,905.5810535567996,0.1007922544539969,4354225.392412666,3.0158890478100814e-05,-2.401067847474748
367,3955,-32.456483836,40556.694873356,178.54126244555655,3.147815553829113,1.4187522084084063,0.38098532405327024,-798.2016959468597,33520.973111438005,5.145706017632682,2864.5047727260267,0.04158260316306733,1796368.4566445088,4.253216897204197e-05,11.529423090409873
368,4038,-32.456483836,40565.968154452,178.7476156759253,3.084757948278567,1.39008977446449,0.37888604042170754,-798.6086924334383,33567.65429387276,5.152954275291945,2911.5121153693503,0.04096886574348308,1769855.000118469,4.24714745520452e-05,11.5045636574163
369,4158,204.012184112,39416.081298548,181.01934901501747,2.859540782426134,1.252468127569662,0.371458072493751,718.5800730402865,39628.09940051727,5.151894279240961,2992.2101692781116,0.03985576054914555,1721768.855723088,3.686330580033204e-05,9.029610167735422
370,4252,204.012184112,39406.808017452,181.24884057717026,2.7971348693777442,1.2250156401586914,0.3696824514724668,720.7109880679454,39696.59615193408,5.171876585742311,3050.641984411852,0.03924399061654654,1695340.3946348105,3.679837860483701e-05,9.132015751205078
371,1695,301.38163562,40575.241435548,163.828175981109,7.23833236972313,3.077403319687273,0.5403768919033489,-610.139018257001,30192.91337470954,4.825112059874014,1548.3874110624945,0.07213466603731766,3116217.572812123,4.3507126492309745e-05,6.042855740039005
372,2191,-4.636640548,39411.444658,170.89944408304217,5.478277685625712,2.416662544110446,0.43384764052756397,-613.2024271657507,39758.340795159515,4.8011653153064175,1762.7246711094185,0.06304903302483172,2723718.2266727304,3.5763872296101375e-05,11.30154980446924
373,2381,0.0,38256.921161548,171.61170796090826,4.908898099889928,2.259950656413717,0.4413541030341998,-1046.50088058504,41033.43813763374,4.674528428989962,1871.345166758978,0.05782293855729207,2497950.945675018,3.571658136319445e-05,9.336901388221479
374,2928,97.369451508,39420.717939096,177.34356272929782,4.094183663670446,1.8193179457104376,0.40285687846897705,-1178.8415899805957,39011.47149830855,4.842251305886364,2210.481762642253,0.0507080187195202,2190586.4086832725,3.650968652348977e-05,10.483056202293874
375,2750,-46.36640548,41725.128291452,172.39013840542432,4.640832218026151,2.000123225997411,0.4418463794918951,-711.5401527675155,31038.93378713683,5.072559308839719,2163.3166297444336,0.05427793266913563,2344806.6913066595,4.9403263639011156e-05,0.36392551527101336
376,2269,78.822889316,39406.808017452,172.0755350357231,5.277887105857058,2.3688633291112224,0.43287277039465755,-1128.0786592612767,40253.97403825532,4.782508553838276,1790.8936930188977,0.06181618538028208,2670459.208428186,3.702755697214835e-05,8.48070085510753
377,1751,88.09617041199999,35929.327606451996,157.1690785111725,6.280239722053095,2.8817973761151308,0.5180277748147314,-889.8003840466403,41197.07516204519,4.300782861899677,1467.5144446203496,0.06783930420938754,2930657.941845542,3.1374881623355213e-05,4.880309826879918
378,2673,69.54960822,39406.808017452,173.50654368623728,4.516280130454915,1.9823233942843226,0.4072334127274621,-798.4493067773568,38020.422273953955,4.861094937097415,2026.760827591108,0.05551979505143932,2398455.146222179,3.790900559560351e-05,11.47517590495342
379,1889,41.729764932,37083.851102904,171.4435652351885,5.976494804703547,2.745898991260855,0.48780517378486704,-631.3577854625642,42925.7140522047,4.563753084283531,1646.1967364451896,0.06417363743211418,2772301.137067333,3.333898413139089e-05,5.2859510699436685
380,1477,820.685376996,38261.557802096,158.72569436120668,7.702050598721008,3.4995341398856303,0.5256546475246955,-634.4964202138476,39548.40439062146,4.562774632459658,1363.0612399448617,0.07748718844287648,3347446.540732264,3.286600690538103e-05,5.549522352858451
381,1514,-4.636640548,38243.011239904,152.7216207502982,7.766513585475559,3.744324218418666,0.5523825845361877,-644.9305276905235,38694.971129984624,4.699163659408864,1371.3874762963262,0.07931889304849253,3426576.179694877,3.323292709227895e-05,4.22454017303391
382,2693,166.919059728,41734.401572548,176.14276681801627,4.701720077474716,2.017962541081354,0.4022250621839164,-123.81302343950215,31759.265346752007,5.126745231447306,2116.907355895702,0.0560603929146162,2421808.9739114195,5.033995364870821e-05,9.422555760945325
383,2197,-64.912967672,38252.284521,166.6972498750108,5.340800089009386,2.544260755061257,0.46976935767854383,-1012.4130253861811,40234.960279259416,4.740217632908426,1796.57518069072,0.06107579643777674,2638474.406111955,3.291625293826538e-05,8.017506451779848
384,735,51.003046028,33875.295843688,140.9784369963751,13.973797635249849,6.393128066343237,0.7089489285747206,171.48472291405065,44383.80648133238,4.103099665894221,895.6401396661341,0.10604611687919858,4581192.249181379,3.1002302523807125e-05,5.546616719428803
386,2341,97.369451508,35929.327606451996,169.70494122403088,4.687040532430364,2.149255830370813,0.47960203223839637,-411.4636565321811,40339.65027752022,4.463910145156835,1938.813893896604,0.05329611763429138,2302392.2818013877,3.4678850888294146e-05,4.944638147174259
387,1395,180.828981372,40556.694873356,158.73815304307672,8.81554400336682,3.829380963952011,0.5502565974960202,-377.18668771198287,34111.61630734532,4.877954499836359,1365.4103736147624,0.08269719902830913,3572518.9980229544,4.154423659356692e-05,4.431141199400293
388,1970,46.36640548,37097.761024548,171.093109555428,5.752947799223711,2.692302074621511,0.466164633330666,617.6583097374279,45261.93987833079,4.72051203196199,1702.4396824352032,0.0641850122376544,2772792.52866667,3.1960531872719714e-05,11.63571544850354
389,2438,171.555700276,41729.764932,173.8801154917974,5.203084213815663,2.1372794956834693,0.432250091102569,-421.9640922895082,31472.253265606723,5.081438790280215,1980.1842049131583,0.05940149286682733,2566144.491846941,4.425455471789068e-05,6.238403131439597
390,2384,32.456483836,38252.284521,177.27180143578033,4.929819823515017,2.1964439016992805,0.4166888865068975,296.55771813559045,51321.47802449435,4.878636944450523,1751.8603952178735,0.06446370444782193,2784832.0321459076,2.927952401123046e-05,8.923092236002182
391,2804,199.375543564,38256.921161548,169.11385404579593,4.136362010402768,1.8724994273255218,0.4273243036589375,-18.893000146905077,40619.92246712968,4.748682780593169,2107.21646580527,0.052165126031190036,2253533.4445474097,3.452130103585253e-05,5.467511772269518
392,3015,153.009138084,39420.717939096,173.9225675639146,3.977848352412237,1.7892440651724026,0.41759340520220894,-749.4207630220033,38025.416976165725,4.90109518931436,2275.4092826844717,0.04985972343251496,2153940.0522846463,3.666118901989318e-05,2.7736905193077086
393,2760,153.009138084,38252.284521,174.85172333037303,4.210615508816939,1.8800868709823715,0.44185155149903005,-176.891773676422,36490.62470098722,4.800896296806029,2151.220631707079,0.05165990744248963,2231708.0015155524,3.73614110038089e-05,8.582484851743029
394,3298,-23.18320274,37088.487743452,169.0619134712525,3.432198148540447,1.6571236756950627,0.3981951761424473,1345.7855134507881,59811.02029297525,4.729560362833453,2134.177976304031,0.05129870384290841,2216104.0060136435,2.210259881826843e-05,9.927061195106686
395,3665,319.928197812,41734.401572548,178.30893713282333,3.444915134225801,1.450182207645832,0.38328988061677677,345.19458402990557,31591.976478340483,5.353000104172382,2704.9399278033748,0.04580953468680583,1978971.8984700118,4.27050356607928e-05,6.994078048425787
396,4372,1080.337247684,40570.604795,181.20657339945328,2.757548072976747,1.1577348422358933,0.3589166780877556,1015.4261880139923,34573.36263701059,5.233694628923402,3131.581604607899,0.03868662992981632,1671262.412968065,4.210022658331833e-05,8.91966572704342
397,2485,403.387727676,40556.694873356,167.41882020789552,4.929658779234403,2.14062183316523,0.45110949792189065,-596.8454468478246,31432.0230315601,4.875209981047793,1958.7814904264221,0.05761341091193241,2488899.35139548,4.1731767284700224e-05,1.1995400332535275
398,3335,-27.819843288,40570.604795,175.73722242908818,3.7356111763394177,1.6181220243002272,0.41014012154028556,265.2919522526451,32085.29534455522,5.2285672455591214,2564.545294379382,0.04719419441256038,2038789.198622608,4.500525331870611e-05,8.695280397235859
399,4167,102.006092056,39420.717939096,179.75411988654193,2.8749405000683512,1.2425970279004896,0.37314837090409747,862.9646626059533,39605.783672943566,5.262844538036325,2957.244757542849,0.041195475868680095,1779644.55752698,3.5983361854761986e-05,9.338907614295655
400,1899,23.18320274,37088.487743452,175.05472079534727,5.990425829291711,2.5521807000390004,0.471035576468571,735.9287637020581,42346.323450617645,4.758845096710708,1642.0327604202307,0.06708663430354216,2898142.601913021,3.285387212268269e-05,12.46290610749107
401,2286,180.828981372,38247.647880452,157.14336951573043,5.136466054150581,2.4043063056919465,0.4208038728627639,714.8444925678468,52025.88693841527,4.686502401404623,1568.1631126678078,0.06917893362496595,2988529.932598529,2.6149228434887857e-05,6.779148551785607
402,2146,125.189294796,38256.921161548,172.8539272314903,5.439266881049486,2.3262884549655953,0.48131176470769005,545.2863450945856,34435.95688954948,4.888758977496593,1848.7732242194522,0.06121124840471373,2644325.931083633,3.943107968732359e-05,10.207218135579668
403,2697,27.819843288,38043.635696339996,175.3705153428529,4.307741167806945,1.9040689620208815,0.41379380159865564,113.0253937849716,42258.67223826715,5.005501317687088,2025.8738039735115,0.05719412819806937,2470786.3381565968,3.3533011016557504e-05,5.563815111493905
404,2130,125.189294796,38252.284521,166.7274386139858,5.482527524305883,2.394176256046693,0.4830817125517901,461.6297009580888,35586.50735021475,4.850090414419859,1776.0618846464577,0.06321323170968939,2730811.6098585813,3.7637610253600554e-05,8.941886748544736
405,1970,51.003046028,39402.171376904,168.16087482568423,6.114323096990561,2.682476519809988,0.4509257519142486,-31.050981640668184,40152.27137213563,4.866976160244525,1649.0011563150497,0.06832104681030372,2951469.222205121,3.438923233655629e-05,4.708633094930608
406,1301,-4.636640548,34770.167469452,150.68545702135924,8.184680584725951,3.857846865278105,0.5550620901767719,725.8091102916113,45103.341397387565,4.305311438759094,1221.6046133043853,0.08158121369461481,3524308.4316073596,3.045358263020527e-05,11.87251232209537
407,1344,18.546562192,37093.124384,154.61992582056413,8.4135934669684,3.9214226278690476,0.5306713809471064,838.4312167693029,45111.06132893846,4.610159538555722,1254.903873076808,0.08503970564967284,3673715.284065867,2.9843845480415824e-05,12.265427038186644
408,3060,217.922105756,41711.218369808,175.19111289787676,4.146385041451323,1.7819029414917338,0.40390460427250285,-1066.1020969996011,32013.31968401964,5.082563333483891,2308.2944200202755,0.05096920392624671,2201869.6096138577,4.295270996661413e-05,0.11379457923280661
409,3598,157.645778632,39411.444658,175.5065752306397,3.3242287106092454,1.4577589522518195,0.4003829157794287,506.88694381086674,34998.20503305443,5.045862548769801,2598.9124559095562,0.04494278887637166,1941528.479459256,3.9081547569541515e-05,8.683143512724458
410,2980,115.9160137,40570.604795,175.87187564258102,4.1723076003810835,1.793388653330888,0.38356776639781365,776.9281031399526,44195.481075082855,5.187471935970285,2118.1836274431607,0.056690254486174506,2449018.993802739,3.106572585982274e-05,5.784696183064162
411,1488,51.003046028,38252.284521,159.6275595115232,7.834149458809591,3.492578656203176,0.5311491039234173,611.5233492920497,38651.227610745,4.774659656077925,1414.9697588766892,0.07811087719897328,3374389.894995645,3.499659550057154e-05,11.058948644197987
412,1627,0.0,37093.124384,160.03993107114908,6.9691157796941265,3.27546645096157,0.49120276811280006,616.1475122552226,47180.467662088995,4.634758142533458,1411.3372283771057,0.07601731602982548,3283948.05248846,3.098360734596121e-05,11.97298482449184
413,1570,83.459529864,37093.124384,158.78781152939587,7.195271544892254,3.178769791781618,0.5467210571930793,573.4453531206279,36654.739936376696,4.6125354347839185,1442.1764220941097,0.07403508471447862,3198315.659665476,3.600303139300347e-05,11.136673374210885
414,1785,765.04569042,35929.327606451996,164.50723399751237,6.046832848624404,2.6060445184765713,0.49740171881058837,812.737450334823,40277.955931415134,4.436020434521315,1524.822694897022,0.06734268748108234,2909204.0991827566,3.30666822491118e-05,12.932319345979453
415,2566,-4.636640548,38252.284521,167.84883362894118,4.563686629766566,2.009950286262296,0.46041750658326897,517.0909304495514,37350.166363531236,4.858602150529248,2027.904548477116,0.055460027671332665,2395873.195401571,3.673739580877939e-05,9.439954698730435
416,2031,32.456483836,39406.808017452,168.7889675980879,5.932095102515973,2.5989613445201845,0.45362550728344214,241.02977216867237,39301.72023793436,4.975231660184487,1689.3539912600131,0.0681724494316371,2945049.815446723,3.9381366313369816e-05,8.844396779679805
417,2537,199.375543564,38252.284521,165.74350494630824,4.579620198742539,2.0657699806672225,0.4451563002730352,508.9581166567265,36956.16952313176,4.78484629568627,1976.7366375612069,0.05603191078368128,2420578.545855031,3.5152714914721306e-05,9.499631340122493
418,2889,264.288511236,39406.808017452,167.3534805920865,4.1444354089003586,1.8833942331079123,0.43812881765544914,242.21724823136722,31072.3605866468,4.948371199759836,2267.5899432210176,0.05051426073153374,2182216.0636022575,4.384690259343514e-05,9.88749356656595
419,3347,301.38163562,41725.128291452,176.13233064158655,3.7663959586153384,1.5616448461717225,0.38152442922335483,377.78842059298546,34186.16398248487,5.323756547950619,2489.9640425474813,0.0494927248630277,2138085.7140827966,4.283503265912051e-05,1.0766533245961394
420,2419,-4.636640548,40570.604795,164.44854794088675,5.136711621987061,2.224671964101798,0.5099696276407782,238.88573989397256,30136.526855334934,5.095667349401562,2014.273524677991,0.058559704663985745,2529779.241484184,4.3328673931294955e-05,7.99936130261027
421,2462,69.54960822,39327.985128136,167.97627243230727,4.865980018539881,2.2006094700826555,0.4347220373614538,-11.42194117471528,38857.35712926734,4.876298901902792,1959.2503246176764,0.057612489827161106,2488859.5605333596,3.648064363571991e-05,5.362885937149733
422,684,148.372497536,31385.419869412,133.8958272779403,13.979992619618208,6.512654764809093,0.765928975809226,342.91232234418493,45607.10775961692,3.8584286377717896,876.0982190853166,0.1019468773940072,4404105.103421112,2.99110074991696e-05,7.20522375056959
423,2316,162.28241918,41711.218369808,174.42509155683175,5.479189692346707,2.233053285019454,0.4143857124722072,331.6931747959808,35651.65336493279,5.173173802030555,1847.2659626516677,0.06482520437589138,2800448.829038508,3.8296981754762197e-05,6.338065482633449
424,2535,190.102262468,40579.878076096,175.8979249672283,4.869758063951763,2.0980539373273466,0.4122457038921741,82.90886560691655,37033.1688943547,5.036228547622788,2013.3503791723126,0.05790316764249996,2501416.8421559986,3.8560753862117754e-05,8.48039255456196
425,2372,199.375543564,37093.124384,173.91027438086266,4.738018884693866,2.0834870519369995,0.4605917156699987,128.61453303331413,37299.08992555877,4.667521839094542,2005.433241340087,0.05387588317020166,2327438.152952712,3.8573295780468136e-05,9.874697299951162
426,3681,23.18320274,41729.764932,179.61687874909717,3.4663980323947885,1.4851522772174455,0.37075554339286027,-27.79020709387355,33761.284912743125,5.436720210531206,2762.9635307513936,0.045548920017479344,1967713.3447551075,4.331477957586322e-05,7.386423884675352
427,4101,931.964750148,40584.514716644,184.69340249634377,2.9530372744665105,1.2670380920058613,0.35546334694252907,37.321706059944134,35760.44281066666,5.2719947507784175,2964.4222354294907,0.04116718396885093,1778422.3474543605,4.031144408563422e-05,14.850347108146114
428,3693,-18.546562192,38247.647880452,176.98207772165452,3.167461617002821,1.4051060921475789,0.4146935012982192,-184.88543174421298,35604.03783695875,4.9985755838968435,2752.948961890945,0.042030480676359123,1815716.765218714,4.0059303049156e-05,8.066384769585744
429,4224,204.012184112,39402.171376904,176.03287145842373,2.819560483873447,1.3399862569510388,0.38039983552251067,127.44549848127616,38911.346160818306,5.025472614566219,3053.46004984194,0.038097889835651204,1645828.840900132,3.471185234793127e-05,6.667980039731278
430,3788,199.375543564,38252.284521,178.86084232064738,3.068551089381212,1.3511987793707985,0.40276863616339237,32.49193719252743,38367.97449394019,4.886269562430281,2801.9380515582297,0.04036780601199262,1743889.219718081,3.723192043253214e-05,5.996484364376135
431,1884,4.636640548,38247.647880452,158.69180342337347,6.218093745738116,2.932244959292015,0.49000015798906765,-542.2639283735488,42082.49906879151,4.6015770293403335,1469.1950573872411,0.07250091555556477,3132039.5520003983,3.052093690988038e-05,5.513226249638522
432,2011,120.552654248,41720.491650904,165.3686161110126,6.307894885344397,2.874250976839971,0.4350718129451458,-206.3114896465087,38150.2172253464,5.050225074544549,1662.216410452162,0.07032980631881096,3038247.6329726335,3.774496012038169e-05,4.530142673964148
433,1497,78.822889316,41739.038213096,165.25332515013736,8.504829494016976,3.7037917502621633,0.5078492565158165,-83.32910120623126,34227.238767137846,5.091856152097897,1444.8447074635485,0.08157765325848716,3524154.6207666453,4.6254396855986476e-05,7.612185398216333
434,2304,282.835073428,40570.604795,173.56175360763962,5.345861213109244,2.267997995929258,0.4363875831552554,-398.19236592953206,33658.41685369934,4.977060644598273,1921.8794511428307,0.05994639105744638,2589684.0936816838,4.210710242891776e-05,5.710698389648184
435,2100,60.276327124,39406.808017452,169.235908566944,5.724140780660071,2.565269497756023,0.4697887940148416,-536.440677603426,37504.503866714986,4.830519954302813,1695.9780317789377,0.06593103769009326,2848220.828212029,3.3854777097771994e-05,5.767189771192483
436,1924,106.642732604,38247.647880452,167.09140065937925,6.100083627269239,2.868014774840976,0.4511097379251692,-633.2062442860953,51075.78171556255,4.665491940332868,1499.3627047430543,0.07202893487825142,3111649.9867404616,2.6143450446782152e-05,5.790926692787356
437,2811,-37.093124384,35929.327606451996,165.78413630709636,3.9261627855332515,1.8310887518846841,0.48065623605020175,-580.9528775246832,37050.87196686743,4.489413067311105,2200.203504289499,0.04723272123589701,2040453.557390751,3.656886530438733e-05,8.507268032179622
438,956,0.0,34547.608723148,137.84391655776352,11.062681374445276,5.041319626843564,0.696967689908105,650.4178400185384,35205.83426009321,4.199259910961591,1117.7117619206115,0.08696794096940225,3757015.049878177,4.273754176538278e-05,10.626910039804738
439,1729,-4.636640548,35933.964246999996,159.90496585667125,6.394024935593145,2.7994498194577795,0.5407644328984215,-608.9395924442271,36187.302409511285,4.363034712431541,1504.8560833756264,0.06711351006557925,2899303.634833024,3.694105094650837e-05,5.776851238845291
440,1685,-64.912967672,37093.124384,166.86006376234303,6.7392844150597,3.066724438588928,0.5146975722547659,-305.6893831936644,40302.71294091889,4.627245615993183,1557.4155049138622,0.06877558795255696,2971105.3995504607,3.5621768813078396e-05,8.202977713237003
441,4161,194.738903016,39411.444658,178.8193250135265,2.889017191658265,1.2741635479961473,0.38674896791779856,-535.1770171969259,36539.722680173705,4.995802623718971,3021.7539754584677,0.03827034900655943,1653279.0770833672,4.002821779803153e-05,3.8463533753078876
442,2379,190.102262468,40565.968154452,170.92195827837102,5.188371645859226,2.2841467874735533,0.43632822070767663,-498.11831210998207,35439.223359992284,4.952606051556373,1890.3171624053307,0.0606478430608776,2619986.820229912,3.829646377170773e-05,6.874951817460726
443,3297,120.552654248,37102.397665095996,179.67354369180185,3.4109148316346265,1.5249159521026872,0.42377393678386405,-797.130246288409,40709.91082470272,4.792891246470449,2509.131598454829,0.04421711348244285,1910179.302441531,3.501980897598715e-05,7.468925384665275
444,3975,153.009138084,41729.764932,177.42527688263024,3.1923731662988972,1.3606000253725883,0.37271090111859195,-259.53342597301275,31707.330526302096,5.217331073692357,2879.4883719021204,0.04194201782867029,1811895.1701985565,4.6666765678348236e-05,1.9796996269764326
445,3439,625.94647398,40570.604795,174.74094020685337,3.545369558376044,1.5804651104098604,0.38892210465601273,311.7775998358398,34323.00113356009,5.083116696119054,2617.3454769413806,0.044955753595658975,1942088.555332468,4.3192563911331844e-05,4.830430450979036
446,3530,0.0,41739.038213096,177.37478505534548,3.619863697479781,1.5514988809808345,0.38750913273655013,-532.0136988143327,34208.67179417947,5.315819352985112,2628.060445149652,0.04682212471132313,2022715.7875291593,4.1011787834324496e-05,4.438624323864269
447,2939,927.3281096,38256.921161548,166.76898730172763,3.8741199574145866,1.7812496323569376,0.4247483704073918,-712.3174429367913,39289.77322338181,4.59475252701033,2184.9183950502584,0.04867916918099208,2102940.1086188573,3.363085245173486e-05,5.966961509434234
448,2074,74.186248768,39416.081298548,169.29717169676715,5.806973953064408,2.5750302102149067,0.4592563702485851,-400.42772745077525,38894.85086755175,4.841836015126938,1694.8420476893916,0.0661297833270054,2856806.6397266337,3.512729084141506e-05,4.9381678153759765
449,2136,143.735856988,40575.241435548,171.21634532536987,5.81117119363995,2.8420141941610946,0.4019217274307635,-1011.3343964453034,54932.49553571052,4.91049804093044,1547.4902459618465,0.0734537335077016,3173201.287532709,2.4252223454422366e-05,5.123199015090506
450,3475,46.36640548,41734.401572548,179.7925714939368,3.660495477769784,1.5917702162107135,0.3694996710547021,-643.4176144488948,34225.750085843465,5.2382620069515,2596.1626999647465,0.046705880558786134,2017694.0401395608,4.935805936298959e-05,8.995031475296065
451,3182,820.685376996,40547.42159226,178.3394841817243,3.8342838303532027,1.684612931895189,0.38946308343457475,-44.640114137170166,39060.12064092442,5.0764100241433265,2313.7552532382065,0.05078734716437883,2194013.3975011655,3.645075126108184e-05,8.491366130450288
452,1341,69.54960822,35933.964246999996,159.06712800576756,8.181391779207646,3.6803891463822063,0.5756712028338339,13.764836564897687,39820.87793805758,4.4505229037587855,1282.9279616965803,0.08030175238888432,3469035.7031998024,3.403847937402522e-05,7.107616734347052
453,2564,106.642732604,40575.241435548,167.94485786139214,4.82818909443276,2.138824199480907,0.45092206645945365,-449.27557796093265,37276.77419502247,4.924805100140652,1873.3626001660307,0.06085320484603883,2628858.4493488776,3.445640603865868e-05,0.8314315766460936
454,1374,-9.273281096,35929.327606451996,160.53423677359322,7.993462475888393,3.6581617116107554,0.5473236149321565,918.4445971295164,42205.828611296434,4.525438234832819,1216.2570993661027,0.0861294168394177,3720790.807462845,3.332668696047283e-05,9.583899304194029
455,1355,653.766317268,28974.366784452,152.15068707497522,6.403271562852539,3.1366493477310446,0.6120667101133492,-117.2953271806256,42820.61084558472,3.512708451226932,1158.5272343503052,0.0701862616771825,3032046.504454284,3.065578625065487e-05,6.861351193557966
456,2489,92.73281096,39411.444658,174.03367569162114,4.81881383063711,2.116054735902969,0.42140491898076177,1014.7355689132471,43819.94969786475,4.976425641636642,1834.916718000965,0.06277943672906665,2712071.666695679,3.114809005724531e-05,5.06019828846312
457,2099,153.009138084,39406.808017452,169.6467454952225,5.706525820027135,2.550424424290464,0.4733830581904214,-568.5684161061884,35190.521390103684,4.812973419594378,1748.2142885693454,0.06372869875182385,2753079.7860787907,3.9114694024289026e-05,7.294345331549784
458,2630,241.105308496,38252.284521,174.4926797105497,4.408682198878501,1.972120153646752,0.43334085814184126,-1137.164978006617,39602.59462565339,4.640328419150715,2032.6143515095796,0.05284574007990645,2282935.9714519586,3.5318974503257986e-05,7.556988252887043
459,1809,69.54960822,35915.417684808,156.86720717889344,6.057050944082699,2.8972918707654394,0.49986516998093156,-714.9196721605123,45628.08783058484,4.387979660008259,1462.9623168032047,0.06943008857732283,2999379.8265403463,2.9991393455842205e-05,4.540111099479299
461,1977,-4.636640548,38256.921161548,164.45267604180881,5.928218863654834,2.561684535594571,0.5330338783064855,-105.22801205176866,31945.166080290328,4.802974349165642,1679.4512527365407,0.06620017199372846,2859847.4301290694,3.9170880386060893e-05,6.259958501262558
462,2170,51.003046028,39425.354579644,171.12829945046843,5.539632900358574,2.4785858331020774,0.45033866758347496,-949.389849662137,40665.9710615663,4.819798654473413,1717.1908520654308,0.06497205197884695,2806792.6454861886,3.614425167505639e-05,6.424148657279926
463,2218,324.56483836,40570.604795,169.04101070523643,5.540002832345915,2.347845718216303,0.46733495430448174,-170.8770836661097,30490.43648758134,4.929153558722257,1881.0862916769072,0.06065685414174092,2620376.0989232077,4.605647828566327e-05,2.104817022320736
464,1747,-27.819843288,38252.284521,153.51277522157648,6.703712834121103,2.8491005310269495,0.612983576733695,-126.47514837260108,26199.91267969224,4.669976250713106,1578.1152076786798,0.06850026004048936,2959211.23374914,3.456983382559946e-05,5.9101634227411255
465,3258,245.741949044,39411.444658,179.5767206271843,3.663978624235312,1.6353398341912275,0.3916815756537006,-206.60073881245935,39410.53583097775,4.940075718222976,2441.6740552616316,0.04683409906497186,2023233.0796067843,3.6832819423153025e-05,10.66675348271903
466,3660,333.838119456,40570.604795,177.65376751313357,3.3519640795227303,1.4239379195141326,0.38180416220041136,55.84646179115306,35567.5532036752,5.101980048667997,2642.5194976210714,0.044692722275761335,1930725.6023128894,4.023682916122404e-05,3.3686015771576536
467,3767,125.189294796,39406.808017452,173.66916672841504,3.1773736865787665,1.4304759833829934,0.39090194280111706,-211.57835461928158,40771.821282558194,4.942585696066773,2618.2526543876243,0.043697733194595405,1887742.0740065214,3.4020539143592336e-05,1.1793038422878859
468,5083,343.111400552,41734.401572548,178.83146580876158,2.484154789817712,1.0587980139487554,0.3575869692026981,123.62120328349177,33796.475409301805,5.56208806012915,3398.4794607395957,0.0378851895138115,1636640.186996657,3.932869848366058e-05,0.4717770542762233
469,4340,421.934289868,40561.331513904,179.4968884141138,2.809495322875006,1.219485395178421,0.3717222272194002,522.4597464900656,36811.541148540404,5.221500682353173,3076.825389005335,0.03928337037996221,1697041.6004143676,4.029618648087426e-05,6.250923909636391
470,3416,199.375543564,40565.968154452,175.33872982395468,3.5974587579253927,1.5358107814454056,0.39627829848109664,-104.73120013767289,35256.092123537965,5.040397209415911,2513.0748484490337,0.04642753135708614,2005669.3546261212,3.972235311378359e-05,0.20354004036718792
471,1157,37.093124384,33606.370691904,151.08842173096028,8.901654119393621,4.185273442934486,0.6259296371907742,-93.83282774959751,40048.280626097636,4.156511299747839,1170.040872749235,0.08223263100197344,3552449.6592852524,3.4358570717294955e-05,6.82479354646455
472,894,18.546562192,34774.80411,144.13156610842006,11.903210080412615,5.495008558935282,0.6769207698192837,-193.79090823389933,40565.02072535115,4.224403817949584,1018.7111106112036,0.09599102669728377,4146812.353322658,3.545717518658114e-05,5.178880723704181
473,1688,74.186248768,37088.487743452,153.7760964445342,6.67595431192641,3.052044029134148,0.5676210233223654,-59.87556315945499,31721.7588565275,4.544525183368137,1460.2656916522496,0.07203986425824188,3112122.135956049,3.607851910053712e-05,6.336638900932262
474,3768,268.925151784,40570.604795,178.21975132809635,3.2686613931041006,1.4089199315657108,0.3872368887181204,-607.6070994645492,35688.6969466537,5.157614808922692,2742.2874049524085,0.04353636729411199,1880771.067105638,3.979627385804552e-05,-1.3205612471475374
475,1318,-13.909921644,35933.964246999996,149.42998604488793,8.32386366985682,3.9346664608944533,0.5566173683996822,-74.9851831997674,44146.87375004652,4.354729034888758,1209.5814184835926,0.08333784836991073,3600195.0495801438,2.9887884249623373e-05,6.867838924136974
476,3079,176.19234082399998,39411.444658,168.8975779514357,3.8880998531098494,1.7268046379482132,0.4289652641069684,-179.10183679799897,33401.45162822006,4.867444325488458,2252.793639017148,0.05001448885412634,2160625.918498258,3.817326362788183e-05,3.7432985481808148
477,3187,380.204524936,38256.921161548,161.57225202318526,3.623814633673169,1.697460839023194,0.4396804184696308,-562.5556504847933,35885.68583437857,4.629909339994764,2166.3676863676023,0.04947167001664173,2137176.1447189227,3.233108911848481e-05,1.247462132601828
478,1461,-37.093124384,31297.323699,143.980606989084,6.586580628894511,3.3573101375960563,0.5671875520143842,-378.5223875763426,53645.43996319335,3.7823570333357055,1164.9923095046113,0.07515462569368873,3246679.829967353,2.5461416211967658e-05,5.34764862748338
479,1023,-13.909921644,32451.847195452,148.77096878057526,9.708451384910338,4.632574538548838,0.629377917037676,-299.30122001930766,46901.52964475609,3.9727094902511513,1067.2317740876267,0.08616766297883591,3722443.040685711,3.1361366428629417e-05,5.165663966247932
480,225,143.735856988,8893.076571064,97.3660357194262,11.792271016713835,8.04383093583958,1.0753867083350672,-1771.161804492019,57464.43339849124,1.1230787156580893,297.88637903469015,0.08727217597639103,3770158.0021800925,2.6475648522535227e-05,-5.401282863817563
482,1452,222.558746304,41729.764932,161.2106196836772,8.711371368310493,3.7204817603576883,0.5326805745970536,-274.6978747141875,34218.764768575835,5.001040880951659,1360.97333805114,0.08506032555566811,3674606.0640048627,3.965628848431874e-05,1.4567935903534472
483,1865,259.651870688,40565.968154452,168.9017840559513,6.617175086408631,2.8901605393845533,0.4661805099583557,-552.2782998060828,38056.439206034505,4.888589191822295,1591.0917711565974,0.07112209923974319,3072474.6871569064,3.760792099934856e-05,-0.26045383498860974
484,2160,74.186248768,39420.717939096,171.06421397996826,5.546054929595703,2.368297082688603,0.4634256618969654,190.20324056046448,37492.28832665803,4.892753622444843,1762.9754718459142,0.06424263270444446,2775281.732832001,3.519721442591054e-05,5.36236151879316
485,3474,315.291557264,40570.604795,175.77235871279052,3.5372850928142427,1.5419425945235883,0.39666169899029224,-116.29293257411057,34518.14769388179,5.161215763334683,2578.0873270886964,0.04634155944172112,2001955.3678823528,4.0030201507056803e-05,0.8970840846699262
486,2197,88.09617041199999,35929.327606451996,171.14398025796777,5.018917059521349,2.322025011738448,0.4657349812883874,-81.99908340020248,49061.08123259893,4.509997285470885,1735.913045102295,0.06014015829097823,2598054.8381702593,2.923285287963214e-05,8.13655437032548
487,2077,259.651870688,40561.331513904,168.6753204483242,5.938976999471314,2.4439723838930107,0.45564127858968506,39.327077313829584,33368.51517820774,4.971603989574238,1748.0632208958841,0.06583481896358902,2844064.1792270453,4.097460375430295e-05,3.983867639120089
488,3589,139.09921644,39406.808017452,179.3840347524279,3.3528653639281654,1.460294530114769,0.3931727066626083,-40.39337093372878,38637.35340158529,5.02184087447683,2623.8236355024274,0.04430416548045001,1913939.9487554405,3.792504303666588e-05,3.8799527688403757
489,3848,125.189294796,41715.855010356,175.59206217670476,3.301746335192459,1.4401798975904707,0.36780774799688937,-774.164209876827,40628.75216185002,5.153215892616364,2555.1572958746083,0.046684955604991064,2016790.082135614,3.4534582991133896e-05,-3.6538855774093286
490,2001,120.552654248,38261.557802096,167.28044317375532,5.820039459837478,2.5955144709769717,0.4638560523699691,101.73636584103643,39932.26027169482,4.751670161401972,1679.355157383317,0.06549678569401138,2829461.1419812916,3.5713797150522365e-05,6.736227991155515
491,2965,204.012184112,39411.444658,175.0725972743931,4.036786561642884,1.7340164739970196,0.40852587232637627,879.8319886439701,38383.94648163574,5.0772123934725455,2274.2442485054476,0.0516778550680964,2232483.3389417646,3.684488084081666e-05,7.533472912175379
492,2153,-13.909921644,40561.331513904,166.7002466440987,5.767213928397499,2.5042705290610376,0.4728233950493442,12.300009481392959,33827.84726711499,5.0214810919634525,1768.9914350013078,0.065708621274251,2838612.439047643,4.140957319922818e-05,3.933448682817282
493,2627,139.09921644,39402.171376904,173.132566526244,4.573483643912657,1.9604870682564213,0.4187617683567102,1014.5242623094728,40240.9755777021,5.070792713795447,2052.176122345211,0.05719755711480887,2470934.467359743,3.4469114732960937e-05,7.98025384632396
494,1140,-41.729764932,38256.921161548,151.44106391812727,10.257745028254977,4.651129699878195,0.6102537714569837,-387.059729387486,37472.45307931866,4.656253680425789,1218.5536484628467,0.08845211710278057,3821131.4588401206,3.8025994266947314e-05,5.321137366451012
495,2181,74.186248768,39411.444658,173.08722996342695,5.474765620728802,2.3725538826279093,0.4441461095125035,-631.5082619486308,38478.287303711295,4.7946754857194,1785.9781234607135,0.062144019015565655,2684621.621472436,3.7546476027448975e-05,4.304972227620311
496,4003,153.009138084,39406.808017452,177.11230191073443,3.0058113645629194,1.308123927569165,0.3938375085256209,-535.5762938306436,37198.749660634625,4.996021820897111,2793.283926725718,0.041402398143274434,1788583.5997894555,3.6318025309727445e-05,0.5480912722033952
497,2740,166.919059728,38238.374599356,171.23125322551223,4.24400934266411,1.9013316289654218,0.43047828236465424,-200.33887832126916,38941.834632513506,4.758970414009985,2102.6015219204933,0.05239288140319468,2263372.4766180106,3.7420747561609774e-05,6.296735402575094
498,3168,83.459529864,39411.444658,175.98437087289147,3.771117538167448,1.6508502584285034,0.4074775080762149,-779.65719059272,37674.76726508748,4.917724129654037,2357.7507473205096,0.04828169679696842,2085769.3016290357,3.625586807431746e-05,5.444746810791617
499,4626,227.19538685199998,41729.764932,177.67906838278776,2.746679053451717,1.1475892740341527,0.3605550759235272,-170.63299051872022,34585.48739800354,5.3097101267733064,3109.2577587840415,0.03953032079474113,1707709.8583328167,3.837667074592877e-05,-1.5365322666687007
500,4974,37.093124384,40584.514716644,177.42722447192807,2.502983267752589,1.15960406290465,0.36163649197315373,231.27872293429238,39218.94592831711,5.260149865519792,3333.4006142492544,0.03652808121772576,1578013.1086057527,3.7375511212458345e-05,5.085365302832619
501,2552,-23.18320274,38252.284521,164.56403967793682,4.598912823351202,2.0873122581878842,0.4753832487187357,-254.41596599211456,36703.364175378105,4.763863671340707,1976.6532197396036,0.05578855254959834,2410065.470142648,3.5841351152040244e-05,4.00321472403731
502,2440,23.18320274,39416.081298548,170.63544776762546,4.947299515803816,2.212852469664761,0.4363761602880595,161.14176278263974,38418.470716796495,4.8964071708493195,1961.1055614269835,0.057795337902158614,2496758.5973732523,3.7458254995700566e-05,4.274940033358401
503,3234,-46.36640548,40570.604795,170.49848683399833,3.8488810688308908,1.6611794892080205,0.44175173310664556,-404.24411213250215,31601.56364841626,5.0623412377635795,2422.307282685413,0.04837694448836356,2089884.0018973057,4.15704817893266e-05,0.9884580168181833
504,3321,180.828981372,39402.171376904,176.95896176251398,3.6062717264425403,1.5896790467914352,0.39970960996789356,384.18241547563713,38865.4342440913,5.011347208367371,2494.9717011657144,0.046494879098988105,2008578.777076286,3.663727895091902e-05,5.771424840463671
505,3768,-27.819843288,40570.604795,175.7142415119575,3.299765408811935,1.3828636114692385,0.4201845100924677,-162.57723717753186,31200.797837806123,5.13441981985162,2781.62827659175,0.04272760370064248,1845832.4798677552,4.308139525017084e-05,0.17186585252690254
506,3381,64.912967672,37102.397665095996,170.79142921314258,3.344122289770877,1.5227616906166286,0.4175832944092607,217.4966261808088,45417.58480414714,4.776483166367534,2444.2087967066036,0.045236208997853286,1954204.228707262,2.8604737926023085e-05,9.463298475757657
507,4167,245.741949044,41725.128291452,175.66490083784123,3.0399674180357343,1.3376227499303515,0.39088262118303446,-148.94001911821854,35152.41631193885,5.283593777103503,2932.86227505888,0.04170172344849372,1801514.4529749285,3.8498920648373173e-05,1.7271555221923336
508,1276,-18.546562192,40561.331513904,157.07149690077338,9.750796704707733,4.405093208372815,0.4988589870691396,-555.3298335775115,50094.58134138826,4.819858195511724,1107.1898074621897,0.10076934488631618,4353235.699088858,2.647024529019709e-05,0.8630393484809556
509,1787,60.276327124,41734.401572548,165.3927269364538,7.128709395261245,3.144205445252068,0.4612105344890778,-251.70231532068172,39936.99056523174,5.039910099017748,1464.5086749294799,0.07966124586529237,3441365.82138063,3.401355673824395e-05,2.0418986651708497
510,1823,-9.273281096,40565.968154452,172.34614305012016,6.851740008578613,2.9769054379608586,0.4328593859152308,222.37950850012786,48364.95923878564,5.041285297810468,1455.7331826563009,0.08016332959990645,3463055.8387159584,2.9073639106040182e-05,5.0609384150239745
511,2905,64.912967672,38252.284521,174.4895907980946,4.024012471366626,1.8010722414894258,0.43330057252863324,-252.50143772606086,39750.198550838504,4.801133929580487,2218.457177547319,0.050096689089081714,2164176.96864833,3.3995390662964586e-05,5.981313367317912
512,3381,125.189294796,39406.808017452,174.6005172747694,3.5444478018486456,1.5794064464648203,0.3997042050871868,-34.259278884697416,39283.691561637956,4.967048301070212,2478.8928327343983,0.04638279171001991,2003736.60187286,3.548424520790917e-05,4.558494174387757
513,1448,-4.636640548,34774.80411,157.8761206945069,7.348410643341239,3.6033956580386453,0.572839193891129,-1067.900775744066,41457.3989527803,4.270598888671952,1332.3521965664934,0.07419693982645943,3205307.8005030476,3.4533022955326235e-05,3.653618232160309
514,1958,-64.912967672,34774.80411,155.85008498929898,5.474217474342175,2.5954236524234635,0.5808971273947827,-1204.467315610052,36376.30159515121,4.238798254544026,1573.106288940117,0.06237361750832846,2694540.2763597895,3.5801944239044916e-05,3.7543415978932537
515,1778,-18.546562192,35924.690965904,169.81695073474768,6.143807120546094,2.8649669434339806,0.4795293432252748,-734.2062315402528,49208.268631328414,4.427674044460647,1465.534857350781,0.0699351872927533,3021200.0910469424,2.96570318004528e-05,9.446746207213234
516,3601,153.009138084,40565.968154452,177.06659998563188,3.4257891763966897,1.5273287093543204,0.4073354661431678,-1213.5080627042491,32337.91093824027,5.0481400408874695,2690.8160890360405,0.043427380271434314,1876062.8277259625,4.606484041968308e-05,6.268402312848613
517,3680,217.922105756,39411.444658,176.38302112659105,3.252304129475456,1.452141075825076,0.40117775563855934,-1695.4412027271187,36795.103970382974,4.869438728507008,2658.737041723514,0.04239550106570191,1831485.6460383227,3.89712884948079e-05,0.11350106441051787
518,3498,969.057874532,40556.694873356,170.56479458508366,3.459939805173823,1.5433678628210998,0.3765119140447623,-643.3194376142758,39389.81014540602,4.887792387207544,2381.56593612693,0.04750796128721617,2052343.9276077386,3.49414803398749e-05,4.354636129848902
519,3563,129.825935344,38224.464677712,177.95501370369874,3.2635840452505143,1.4441334530329164,0.41513202513915903,-858.4308498930164,34529.12042554997,4.776883313116165,2703.108170253042,0.04090698398062204,1767181.7079628722,4.214950692471909e-05,5.403231420600962
520,4089,468.300695348,41725.128291452,179.70355070678465,3.0462506692904223,1.2974778708639894,0.367045671598999,-1138.4020177429195,34231.78877668078,5.056959368845071,2912.694495631146,0.04018933150207575,1736179.1208896725,3.949134034846065e-05,1.2192088641937338
521,3779,-27.819843288,40570.604795,175.75332724769493,3.2905410595019444,1.3789536306656034,0.41981118842871196,-162.51789666972448,31206.661868054456,5.135392539438814,2787.901804469513,0.042639531676204115,1842027.7684120175,4.307314752013451e-05,0.1716995942197116
522,3362,64.912967672,37088.487743452,170.74160830637422,3.363303482172761,1.5314574293321817,0.41809288310862036,217.27373547404812,45403.51840452534,4.775156944237485,2433.773062094991,0.045417562589306626,1962038.7038580463,2.8613677284184162e-05,9.444751812661055
523,841,-18.546562192,32104.099154352,134.59996984063037,11.715274314556488,5.4949594166231845,0.7612092075112125,-439.9972458461227,39088.81538718504,3.896628402480198,1016.8974031025796,0.08870091639893249,3831879.588433884,3.570942030598166e-05,2.0871741737541005
524,3804,1015.4242800119999,42837.922022972,174.5015531854255,3.3668022198294247,1.4127031494736462,0.3873498980580992,648.5546469300599,32158.651593275903,5.4224378818902235,2836.567195610972,0.044250457245765956,1911619.7530170893,4.603325479495508e-05,9.391817004712227
525,875,-41.729764932,31635.798459004,133.5984401000655,11.138016544278031,5.3709509741538355,0.7861815340925365,-1010.4149889454682,39352.43100132296,3.8688430397471554,1015.9131169060206,0.08815375090218823,3808242.038974531,3.5526234528252984e-05,-0.9561120555535737
526,2797,111.279373152,42898.198350096,175.41355653480565,4.6574549007357655,2.004311163514707,0.3893412486371514,-131.98502592127107,35631.19137796814,5.325533999934649,2088.554498232359,0.05902467477043174,2549865.950082651,3.8356777954791376e-05,8.641752849235985
527,6515,264.288511236,11698.244102604,180.32856463657086,0.5419652239000758,0.3248305214319586,0.3603669670080742,-558.36113812385,35881.745783808714,5.497150674678663,3962.203302196441,0.03211568122706223,1387397.4290090883,4.0365566715692546e-05,6.69854217636621
528,2618,129.825935344,38256.921161548,167.77748496112753,4.450863552933983,1.9801743774059117,0.45270998124377554,225.0662129022686,33442.859901253396,4.815157702008428,2097.125098193317,0.05314989741852438,2296075.5684802537,4.098953178435342e-05,10.01043579322755
529,3398,268.925151784,41725.128291452,174.953124441135,3.7241759347078855,1.5887602075401372,0.38652666108348366,74.99057927876086,33430.61201722455,5.20361850766835,2569.5532621381153,0.046877460723162095,2025106.3032406024,4.1187569292626424e-05,0.11844666035943215
530,3609,-9.273281096,37097.761024548,175.02649423786153,3.2450054560964103,1.4881576819686182,0.412346844674363,354.07595369605036,45170.75925900507,4.8468926647161945,2567.528229156808,0.043698288566770334,1887766.0660844783,3.627982633095541e-05,8.121033025095953
531,1226,55.639686576,40570.604795,156.5396052551118,10.10174431558494,4.376173313854217,0.5735941920884849,518.2483103262534,34350.384715130785,5.018280239430266,1295.3615648869709,0.08967681115456921,3874038.24187739,4.111685262022306e-05,11.018581677494334
532,2645,13.909921644,39323.348487588,173.69019687579652,4.544962868266988,2.0508515050805487,0.4012022197987688,1322.4742561800053,46981.38767559608,5.025134702150391,1901.9033169445286,0.061161133435874995,2642160.9644298,3.0066569694261922e-05,10.077924792324533
533,3408,106.642732604,40570.604795,177.62255100491362,3.61275194878031,1.557232252020335,0.3868369002723749,-161.36554936418787,36522.646021834305,5.0942089855629105,2472.3997785688507,0.047695160514735456,2060430.9342365717,3.911500609743652e-05,4.804631758781734
534,1261,-55.639686576,32456.483836,157.33516140070205,7.931478364656283,3.8368742585620415,0.5594508245262607,1450.184033308661,51891.85287795413,4.153674756623853,1168.5601349969363,0.08228064242992872,3554523.7529729204,2.730844819260847e-05,13.629535651774049
535,1137,635.219755076,31301.960339548,146.14368129984325,8.309193947639232,4.221654478467172,0.5961430587861712,1089.3295160733855,53519.728350949175,3.896605011373088,1092.4233879250332,0.08256797783266664,3566936.642371199,2.5227761310100394e-05,10.869549325897951
536,2967,97.369451508,39411.444658,175.84471012077185,4.049971166910357,1.8017560628345868,0.40163406929312606,1053.7357439537864,40395.64325079978,5.057721516340621,2260.6336140050207,0.051789412590796405,2237302.6239224044,3.618669199119279e-05,8.42068030787862
537,3253,-41.729764932,40570.604795,176.95478729561037,3.8143232828724343,1.590392055517216,0.42293615180064614,-167.70631542774453,33714.018684380666,5.103452745977937,2461.001141304418,0.04800301724701954,2073730.3450712443,4.1920428759965024e-05,4.264444467587271
538,3436,111.279373152,39406.808017452,180.66735449771411,3.4978790488813347,1.449266756835024,0.39379130978357896,761.2332678352917,38798.70478732666,5.108653901328225,2602.4596187887405,0.04544004313911332,1963009.8636096953,3.587507450285409e-05,7.27991339302568
539,2980,74.186248768,38247.647880452,177.13944479746078,3.906224601563261,1.726007070909096,0.4247780408775808,-494.73479358260767,40455.6811018366,4.772997251733692,2301.719308225558,0.04800152959528823,2073666.0785164514,3.4532176992079915e-05,2.797984666139835
540,2460,561.033506308,41734.401572548,176.35151394032982,5.1081395764324755,2.1315764144774154,0.41767920675199566,254.2247813559967,31626.669603597013,5.1815417272741024,2088.0461520407375,0.05744274158956056,2481526.4366690163,4.5981326421284356e-05,8.227438044989904
541,2265,166.919059728,39411.444658,174.68340384961087,5.2846369546223855,2.3364066620275845,0.4362295541198095,550.5370324161548,39466.06180623975,4.963103519182673,1893.259724712335,0.060681930765781246,2621459.4090817496,3.76832800262018e-05,7.229703200384917
542,3159,64.912967672,40565.968154452,172.88907592514542,3.907257069502949,1.6952222548544853,0.4242339610453852,27.40009231140806,29984.122281956053,5.149120454443783,2412.9141348630865,0.049397780629640106,2133984.123200453,4.4783119474470845e-05,3.5076288872491266
543,2535,55.639686576,39416.081298548,171.6706245057375,4.742002903969573,2.037902797573046,0.42337151768949477,1015.1516423435205,38871.19849287494,4.999560531658662,1992.067332950726,0.05809571089700292,2509734.710750526,3.687339950335189e-05,8.454427574167134
544,2296,241.105308496,40561.331513904,164.90701779948762,5.369777022853926,2.358700555439683,0.47522505009876287,-254.34193204180175,30793.102328567467,4.919977498577553,1863.2447651074758,0.06112367529773213,2640542.7728620283,4.09184724851425e-05,2.8817486854179513
545,2218,125.189294796,39406.808017452,169.50787948284952,5.4069286525067,2.4332568978355797,0.45033925850255596,-736.2524660654122,38982.77897062768,4.828092943809001,1817.2629508734512,0.0614998565191693,2656793.8016281137,3.526269748060467e-05,2.74554242016161
546,568,-27.819843288,31918.633532432,123.91410188847514,17.228099655046385,8.539402305261063,0.7867684628495637,-729.0652628336367,57111.85378462705,3.7659711835718848,711.0450979520904,0.12260158902727238,5296388.645978167,2.2873870860102482e-05,-0.09056938364297255
547,1276,-18.546562192,40561.331513904,157.07149690077338,9.750796704707733,4.405093208372815,0.4988589870691396,-555.3298335775115,50094.58134138826,4.819858195511724,1107.1898074621897,0.10076934488631618,4353235.699088858,2.647024529019709e-05,0.8630393484809556
548,1793,0.0,38252.284521,156.1407334132586,6.539354663922408,2.9223076405454207,0.5540932286456953,-170.6015693342394,32922.95874354054,4.723222570193617,1589.5556270095872,0.06878265468268477,2971410.682291982,4.165388576252363e-05,5.47595835067989
549,2082,60.276327124,39406.808017452,171.6131136675076,5.779353349851618,2.568300179090617,0.4472597175362274,-658.7170998740075,42308.13874687172,4.805481316301637,1681.7554799212446,0.06614397560227808,2857419.746018413,3.3561406166751924e-05,3.2569552833831468
550,3634,176.19234082399998,40570.604795,174.85004098578108,3.395427621482675,1.5078092694900993,0.38707557833386586,-105.52905197472768,35506.508040800734,5.071175872129718,2639.617736350075,0.044471716020400565,1921178.1320813042,4.123712519913466e-05,4.259728966924556
551,2872,157.645778632,41734.401572548,178.54781453059312,4.420729674170281,1.8511373054919609,0.3851028418467697,1481.0583309747053,34734.87549565349,5.518578023550106,2348.213705962122,0.05440086706414662,2350117.4571711337,4.14021497935419e-05,15.613272418003712
552,3569,83.459529864,39406.808017452,175.67734251076027,3.3697497785663706,1.5103771396169967,0.38846010749245624,-29.400999919877425,40417.82967326894,4.985173254046923,2587.454592037182,0.044598861515868365,1926670.8174855132,3.4464188836847927e-05,5.999160525852639
553,1804,-9.273281096,39411.444658,160.56784074720915,6.704209762077445,2.9544764967851016,0.5595651758836814,-370.57143578693876,34727.217459457184,4.86308379861902,1635.4690592027084,0.06883125277965865,2973510.120081254,3.9732509025451955e-05,6.010678941483585
554,1285,727.952566036,40477.87198404,163.37760652846754,9.487289295887496,4.205691074355364,0.5167078647655245,-214.28073429894826,40678.89640134194,4.89741708710524,1243.4342902923945,0.09117179505233536,3938621.5462608873,3.584984768059149e-05,5.882721307577681
555,2254,97.369451508,38252.284521,168.87419058158417,5.181378956163178,2.196158509381161,0.4693388173996454,-334.37493416951514,37343.08711792535,4.766893861452372,1780.333215477989,0.06197983857857296,2677529.026594352,3.411821985818624e-05,2.5324787319651505
556,2629,171.555700276,41729.764932,175.94107989313426,4.832754761755914,2.0847482845255465,0.4015083257981413,-342.55385614925075,36651.4126111423,5.165660102550634,2040.0678934238795,0.05861347346442218,2532102.053663038,3.9032419761663445e-05,3.424912356209507
557,3004,-23.18320274,40565.968154452,171.4007385115464,4.145581322407632,1.8458159209883576,0.443741929599279,-377.9667792317501,33008.162479211256,5.085240760010622,2273.173287191028,0.051783956438792675,2237066.918155844,3.935319927477912e-05,6.866869463794771
558,4292,171.555700276,39411.444658,181.98061724143977,2.794860781061097,1.2047360863425045,0.3867958880830395,-498.89864997095964,34764.15406759561,5.059878137774567,3102.6135230416476,0.037751014709030334,1630843.8354301103,4.0794740189149423e-05,4.955325270588872
559,2356,143.735856988,38247.647880452,165.44819294125668,4.932200542324916,2.201932527305477,0.48824808341751047,-879.4064409966097,33469.97777714304,4.620773466024915,1920.0291918290038,0.05570870964138066,2406616.256507645,3.795589511017673e-05,3.9669128409082033
560,1917,166.919059728,41706.58172926,166.45390291862643,6.576522194014484,2.831900395234194,0.45968569654555874,-562.939869250315,34008.47779057913,5.01476407653929,1683.477892503736,0.06895398049991633,2978811.957596385,4.48771481487676e-05,3.438042304960886
561,3651,255.01523014,41711.218369808,177.4377283902095,3.4537653171285125,1.5240621518619772,0.3746362140846116,-902.043179233838,33862.39046192363,5.201577428864147,2684.193676364132,0.04485774852525086,1937854.736290837,4.171499664833361e-05,3.8571751731113473
562,2171,60.276327124,37093.124384,166.8582738465394,5.2213264642042185,2.366189972934114,0.47210933541032885,215.06656923729122,38560.91395741555,4.639882472688544,1771.5582863589595,0.06062723857002561,2619096.706225106,3.895037671243668e-05,7.584462778341108
563,4192,1001.514358368,40565.968154452,178.52582273327297,2.8740476607603647,1.2404719282977197,0.3661553981013502,40.456589061332245,33682.95355632418,5.064229692776808,3055.655983374705,0.03836411553606265,1657329.7911579066,4.372620578238274e-05,8.522468673781702
564,2760,-46.36640548,38247.647880452,169.45770392571004,4.248146900718248,1.8779412422919108,0.45427352407055943,-914.8528254125906,34333.65681669684,4.674316979056057,2115.261202745912,0.051152917560314766,2209806.038605598,3.8857531919375026e-05,2.2714517112967623
565,2457,60.276327124,37093.124384,158.27830360186078,4.62451879977042,2.2082767269935055,0.4525079588899285,-374.092267043342,45925.506996203745,4.568403965607865,1800.5673173491432,0.05873154020820907,2537202.536994632,2.9163408682309943e-05,3.9120553444510193
566,1709,139.09921644,38252.284521,165.430607073275,6.797677322521027,2.9862887951758177,0.5240286035215623,-1098.245661566297,35374.8734046542,4.582277318277072,1528.1345197087512,0.0694122361947513,2998608.603613256,3.697219660706722e-05,1.7420318111728172
567,2862,106.642732604,39411.444658,174.00277453058803,4.1962936681403065,1.8656075741309444,0.42433165551285706,-900.0904102284262,36755.26011367021,4.814903605155086,2082.3630203801254,0.053523857694532426,2312230.6524038007,3.7637947955791235e-05,2.1963471410706417
569,1439,839.231939188,38256.921161548,161.58651177211215,7.976609435223061,3.4926870938231183,0.5243049336772642,-92.5276681717684,38979.2233579537,4.572421953509939,1352.7387193636732,0.07824356563511504,3380122.0354369697,3.6100956663591386e-05,5.071323535919644
570,4658,-41.729764932,39406.808017452,175.55298132582013,2.5913340335546473,1.1592327533456286,0.3974198344576507,-1039.295800140694,35028.608916047284,4.930847122378291,3079.447782393289,0.03706508041385758,1601211.4738786474,3.4170217617832866e-05,2.6712310022977297
571,2338,333.838119456,39406.808017452,168.88086789583443,5.119920694227687,2.3382594860754486,0.45643108166061586,-190.49505654986496,34480.62357978933,4.915151733055012,2012.4296185023575,0.056536963798046604,2442396.8360756133,4.2750058178310025e-05,5.105554401939634
572,2066,0.0,41729.764932,159.26889541632485,6.186218179444926,2.7465898297251345,0.5379707168871221,-942.9854171664911,31659.63680801281,5.0207420548896335,1713.0430925242892,0.06784469194465118,2930890.6920089307,3.9080685683315254e-05,-1.8274592531332439
573,2215,287.471713976,35933.964246999996,174.97233747224948,4.9203613352170725,2.1431295059086524,0.48738280476592155,-109.55818829026981,37228.980249570246,4.5019374388061335,1910.4780682570236,0.05454734944026537,2356445.495819464,3.8953180402568404e-05,6.8781309031072055
574,1786,83.459529864,40570.604795,167.13765358254506,6.958962200631919,2.9890011365926505,0.4723344030236211,-294.55233326970665,38341.73932397692,4.924644337066176,1544.8720856652526,0.07379018479854113,3187735.983296977,3.652771746889395e-05,0.3617454826151015
575,2959,153.009138084,38247.647880452,171.6943100132809,3.9415271888656394,1.765557826240669,0.44030216980760006,-922.6754633310078,37227.887388422314,4.709582545903394,2237.4984465646507,0.04872321348686778,2104842.8226326876,3.636266592121956e-05,1.1271593905339072
576,2427,83.459529864,39397.534736356,165.48195137381418,4.957061379581741,2.2284044407486574,0.4365967523288199,-1944.9133806237219,42271.55063787675,4.712801846605185,1766.7127113285785,0.06174893894098077,2667554.1622503693,3.3054364615259466e-05,-0.9798031678934337
577,2523,213.285465208,38252.284521,159.12572492629548,4.60364436888525,2.140328396630325,0.4881094860591462,-815.0352673727255,34032.263308817295,4.582713774065369,1918.2606329927664,0.055300794656418475,2388994.329157278,3.443336066503051e-05,-0.6327496869829417
578,2732,199.375543564,39406.808017452,167.3196894562297,4.38452312943842,1.991877223269646,0.4525430052895463,-1080.826211161564,34242.435911678454,4.722999120929962,2070.0121231791995,0.05281547974074147,2281628.724800031,3.670454017908562e-05,-2.3116798538738257
579,3213,153.009138084,38243.011239904,171.12014825144922,3.6174209140909674,1.641162720980686,0.43398863754026695,-905.6432113589714,37773.67986448344,4.6735648324428665,2375.162215487088,0.04554820315680067,1967682.3763737888,3.4755952311914556e-05,-0.5978018044360597
580,3297,264.288511236,39416.081298548,174.52349430690538,3.615705085538567,1.6132934452775236,0.4160375828836104,-1398.1801252015634,37532.37241770721,4.769664783040741,2440.99110136624,0.04523117964380752,1953986.9606124847,3.612229282725214e-05,-1.5835705551753403
581,1207,120.552654248,38247.647880452,151.57975146197978,9.614143364902558,4.267798744954125,0.6219208053186072,-928.0385908339437,34878.11066527689,4.511735696185347,1242.4472696450732,0.08405855834060579,3631329.72031417,3.8286309243107635e-05,-1.351037404996338
582,2065,60.276327124,37093.124384,166.28858586737022,5.465412513054191,2.4735789424766548,0.4908430316326643,-1130.6609772552058,40811.85523851491,4.464695689773801,1695.2780518970762,0.06096311879200627,2633606.731814671,3.303352160937901e-05,0.9472834688153989
583,2747,236.468667948,40570.604795,168.5625975096139,4.46039600601486,1.9394482705652145,0.46163500076944297,-755.9581535434551,30052.225032439732,4.8914087737324,2150.1320934482437,0.0526605110879132,2274934.0789978504,4.218551145178497e-05,-0.2838343883614527
584,1807,310.654916716,40556.694873356,166.8865388526212,6.797804245245036,2.9011443859224553,0.49096166631246146,101.85569422882973,31908.28143112781,4.949464875425069,1686.21325470987,0.06794570370644382,2935254.4001183733,4.586032577892428e-05,4.016325683895806
585,3093,143.735856988,39402.171376904,173.3403115206503,3.8792479232570356,1.7210533958499536,0.41801761317085484,-679.2386392206146,36830.088629720194,4.859208635667272,2343.6381842473156,0.04799447377894278,2073361.2672503283,3.759391597454135e-05,3.6758208585040095
587,1197,41.729764932,34774.80411,139.68147848412517,8.829294145419391,4.419463136725264,0.6266531440272209,-1167.8088453651164,41569.43718712441,4.06459895309159,1137.270527157083,0.08273136116889478,3573994.802496254,3.104173146660966e-05,-0.9968380228865943
588,2706,4.636640548,38243.011239904,167.09992787456096,4.334459646559761,2.0096098251737775,0.48333363951437985,-1155.0413805775722,34445.81635106723,4.738151926196243,2066.334940364866,0.05307921798808538,2293022.217085289,3.7494652641467315e-05,0.78994911176872
589,2768,157.645778632,39416.081298548,170.97835252936417,4.322554669849256,1.9815016191819257,0.43198418710745856,-911.7487851592376,37135.37982897924,4.822379619852603,2113.3334505115954,0.05282136514705488,2281882.9743527705,3.7715050278790036e-05,1.0171241704429375
590,3849,231.8320274,39416.081298548,176.11703640897275,3.10508572220569,1.4037816324054337,0.4076421207302518,-874.9525061777689,32352.77514903486,4.90439362038751,2785.6657158578137,0.040754218804966415,1760582.2523745492,4.0127417545015704e-05,5.222082995392033
591,3249,162.28241918,40565.968154452,175.20346240689523,3.800075121959436,1.6382341853383695,0.3931845383493008,517.9413942179706,34773.72713171725,5.23375453845093,2450.7529616036745,0.049434491083029455,2135570.0147868725,4.248706716240175e-05,4.75524001780894
592,1686,264.288511236,38247.647880452,159.85099962847684,6.863035349603323,3.116272564944812,0.5347417363830501,-670.517188423256,35426.6764024503,4.580048014867528,1492.5975510449073,0.07103028535693719,3068508.327419686,3.666278989253384e-05,0.1835129148696469
593,2019,199.375543564,39411.444658,167.46376406662404,5.903322178673661,2.6163737772092106,0.48887266166422627,-350.0643932833087,33024.49447530289,4.784547476541582,1708.764444314031,0.06481491008159053,2800004.1155247106,4.2059815229946515e-05,3.35257481951686
594,2056,153.009138084,39406.808017452,164.75345508515247,5.813038638579836,2.6127960256094562,0.4659006904999702,-724.3175589542369,38864.74205420301,4.70783142939849,1682.3342679110779,0.06477760184932789,2798392.3998909644,3.402878675399521e-05,3.8615433108034134
595,3700,278.19843288,40565.968154452,177.68125409246528,3.3244621010546584,1.4123266841034388,0.3851399067476164,-506.92339637233664,35267.586833328314,5.124072256455093,2651.6167793872814,0.04473224963587933,1932433.1842699873,4.248895513482538e-05,-0.06041450505416231
596,2075,115.9160137,38247.647880452,162.14823216240993,5.631434726333313,2.7038679006137376,0.45909997700057104,-1635.777221306469,46910.40267115401,4.583077275868441,1581.3420859449534,0.06708842615342049,2898220.009827765,2.9373220186764483e-05,0.3682307322170825
597,2065,78.822889316,41734.401572548,172.1164315478952,6.164267934326987,2.6350620265371196,0.46089098743330165,-1038.8765924323804,31853.901623997408,5.016680547135069,1743.4826192102726,0.06660626451763327,2877390.627161757,4.297261223626357e-05,9.171743468814743
598,3261,523.940381924,40575.241435548,181.62439250761525,3.7782551378392313,1.65300426047419,0.3644903412716343,-98.33217559724989,43616.72699284349,5.088046594066963,2252.112015745595,0.0522970684942375,2259233.35895106,3.3522556306251155e-05,10.611672517330273
599,2754,162.28241918,40561.331513904,176.40307514944396,4.486649164136859,1.9443002952443216,0.40975054249724063,-809.25406223614,39445.88385415121,4.964881676497795,2015.4038913723139,0.05702470709597633,2463467.3465461778,3.385118617604331e-05,5.672760692240539
600,5818,120.552654248,39406.808017452,181.4849575295734,2.0589660639615284,0.8995586657521497,0.364284082228468,-796.273876204719,37560.85399706294,5.140962297880395,4028.623615613331,0.02953955699265839,1276108.8620828427,3.6920147738391344e-05,4.6155588551315
601,2312,208.64882466,38243.011239904,171.5705034131405,5.0144535249580375,2.2245856234034633,0.4645898235689728,-564.0257396728572,35867.3444166222,4.679052256484265,1872.9814478537671,0.05782833297688972,2498183.984601636,3.6856671286832735e-05,5.083391609664427
602,1269,97.369451508,39416.081298548,155.37238013914785,9.502046314319912,4.266617220132238,0.5920511980324374,-1223.9327734798787,34787.99956119283,4.666648094034729,1248.060038787692,0.0865537378641807,3739121.4757326064,3.730114880338932e-05,0.11935921402556492
603,1951,102.006092056,38252.284521,162.60017332414074,5.959292782083639,2.701934739738779,0.4920762899378883,-863.3575075062552,37143.56842637965,4.576076791815018,1650.6738310457845,0.06417240130785015,2772247.7364991265,3.778395667254172e-05,0.9639776768910336
604,2720,32.456483836,37097.761024548,169.90065460795037,4.144051730482145,1.8725796502012435,0.44831302789550365,-972.3854535644078,41453.45889959706,4.517829554907405,2036.509053934715,0.051352282300450476,2218418.5953794606,3.348267754729208e-05,3.627216197050552
605,3530,106.642732604,39411.444658,174.45222678257332,3.4033704304615884,1.538799360368654,0.4085820784364238,-520.4057319863136,38468.27156123367,4.9116543689616,2551.7265649495776,0.0445563817639955,1924835.6922046056,3.480415360220611e-05,0.14640257039987373
606,4063,-41.729764932,38247.647880452,174.51436605855113,2.880049883236716,1.305611051441032,0.4033515042707809,214.68087914978574,37759.19786836236,4.991848526603541,2960.924242388118,0.03902566893563475,1685908.8980194211,3.979932295873506e-05,5.525565186809862
607,3101,13.909921644,40575.241435548,173.70666784045304,4.003292994129028,1.8023955916293666,0.3988845053384683,-839.6758852535041,35850.303343081825,4.964215241753343,2346.7480203764644,0.04896665038497284,2115359.296630827,4.0501983827543674e-05,4.653606505010483
608,1057,278.19843288,35952.510809192,147.90564557537738,10.305319477000872,4.620329443287884,0.6560409422150897,-303.7226874572399,36542.37152632903,4.336714787937405,1128.4002902215939,0.08896392287148921,3843241.468048334,3.5551879575470895e-05,3.4146629664367913
609,1313,37.093124384,34770.167469452,156.58793724065134,8.109488349134777,3.6816857240660457,0.5943661841676375,-789.2732363166652,40091.22307466061,4.220966016692492,1233.7649029890601,0.07919462325924419,3421207.724799349,3.205466149860436e-05,2.978455468333962
610,2914,46.36640548,38247.647880452,167.95081648642218,4.009696470413979,1.8336783410194293,0.433606248034675,-547.781872259792,41640.39081244442,4.680202381658494,2120.576308572138,0.05108895051595412,2207042.6622892185,3.3408271418696664e-05,-0.7688597090469862
611,3498,176.19234082399998,39397.534736356,174.47281399711213,3.412368728490003,1.5683739766821898,0.412378199931652,-1018.8405541327817,37051.037511600865,4.832280697359806,2539.4000073747006,0.044049125443440314,1902922.2191566215,3.71489746815795e-05,-1.2756714901532509
613,2435,51.003046028,37097.761024548,170.37876399401728,4.652111568898799,2.1053794988278423,0.4736240452881785,-542.9914318344676,39131.35098415168,4.600996251453166,1951.1929720835296,0.05458432065998276,2358042.6525112553,3.42342849193817e-05,1.224755404748966
614,2107,74.186248768,38243.011239904,166.61828811077004,5.51594496294518,2.564086205459369,0.4606828977460014,-653.8811913587641,42492.88835765881,4.686720616781331,1694.8761214926226,0.06400993074980126,2765229.0083914143,3.61582210831874e-05,2.6307514662191713
615,2072,194.738903016,39337.258409231996,168.2272813062119,5.769890244790104,2.588516225458801,0.4683650862624482,-1463.9422534827654,37005.618592325496,4.674100356277926,1721.8332497348667,0.06283812182340767,2714606.8627712117,3.772060737188313e-05,1.6776340267624676
616,1286,46.36640548,34760.894188356,152.90340664313126,8.295774774723212,4.004501311828127,0.5800029752337039,-571.6172982003256,46568.778151840736,4.245650079743141,1185.4980551252168,0.0829009685897044,3581321.84307523,2.930291319436273e-05,3.9804785440087826
617,3450,78.822889316,39411.444658,163.15287507964595,3.4868329067041297,1.5975241096780974,0.3992669807434131,18.970967073381612,43756.959881424365,4.943393558671334,2316.0358705885083,0.04940787312661456,2134420.119069749,3.0727961521272995e-05,0.8699162340719203
618,1814,806.775455352,38252.284521,161.7663855986509,6.309304726833299,2.841714557585943,0.48567245773923484,-807.7776652235679,38135.694449388495,4.544165219970492,1549.8047516863894,0.06787242690221451,2932088.8421756667,3.692793518352392e-05,5.803070923707612
619,1612,-46.36640548,8081.664475164,83.72511787961552,1.523831979628387,1.1573689212664513,1.0054824618840354,1752.9511776498714,59053.67164945677,1.329349525585753,1229.0284368863597,0.02503764667714906,1081626.3364528394,2.4785553747167234e-05,-7.201872690692952
620,1435,185.46562192,38252.284521,151.36737130093306,8.095743734835684,3.7606155462696598,0.5713588625561534,-945.1212956904691,36532.90012427327,4.509005077654208,1307.7166378598004,0.07981478136510628,3447998.5549725913,3.43812748563331e-05,1.3555479316367975
621,1194,-46.36640548,34774.80411,154.77167269107585,8.967211463549997,4.077596064998064,0.6098171490420615,-922.0739066938113,41159.64942149324,4.1994932926514235,1161.4509505092485,0.08369745863381214,3615730.2129806844,3.22628877811624e-05,2.0163232633848955
622,3157,217.922105756,40565.968154452,174.37933410592595,3.8886010811930705,1.7197947250013061,0.41004227265862814,-870.9784627408966,34730.591185287594,4.9430204203919414,2316.03273463339,0.04940421060528156,2134261.898148163,3.811394984077679e-05,2.842695689546391
623,818,176.19234082399998,35929.327606451996,144.84328294193634,13.328118336947469,5.8233286375390225,0.6934049662402917,-343.6559401210027,40641.30669492771,4.349442441512072,995.97382604432,0.10108853803702707,4367024.843199569,3.408021879993151e-05,2.581067677269179
624,1147,139.09921644,39416.081298548,149.43492595168092,10.415558807969052,4.568572460855379,0.657352080430152,-938.199513942531,32515.95780584846,4.6821557018743585,1205.7218793719235,0.08989074154990244,3883280.034955785,4.113440915373999e-05,-0.8228110653139243
625,1550,769.682330968,40570.604795,161.62499666372298,7.873429655115121,3.397612362898861,0.546290575225924,-702.7379942898866,30715.37545328054,4.8056145234027365,1447.103021488595,0.07687156704032604,3320851.696142085,4.297585329276614e-05,2.408352606278446
626,2113,-23.18320274,40565.968154452,166.79389846381667,5.883952422281586,2.5809694607393667,0.4808097620059756,-938.3552332576576,31892.395844280036,4.910798042327298,1786.3347283669277,0.06363638281463128,2749091.7375920713,4.409027097972035e-05,2.7786003543770104
627,2005,102.006092056,39420.717939096,166.7560168666697,6.029744255174152,2.675266831319992,0.4729438298514421,-980.1097789308956,35622.278694389475,4.7678833605741335,1714.0455821873463,0.06439016064136224,2781654.939706849,4.187061438659837e-05,2.0741426096941353
628,1402,-4.636640548,33601.734051356,149.0489612079142,7.32667177621893,3.442611301064442,0.6323771785629112,129.59889118844956,35838.80437408943,4.150600322852028,1298.1012767128698,0.07401480369885051,3197439.5197903416,3.458097610240816e-05,6.0395540820710565
629,2325,83.459529864,38261.557802096,159.72011312743194,5.011692249323078,2.2858296260633684,0.4660024530975397,-1121.3066455713767,39599.532242591726,4.613500184455231,1766.8364599972244,0.060443616695257836,2611164.2412351384,3.2903554432317e-05,2.2326825728367927
630,2052,143.735856988,39406.808017452,161.8296693688065,5.826643480060584,2.538090202456832,0.46475923306275396,-1091.9317639026576,39401.34291739839,4.644255037092125,1630.5666073410318,0.06593162349356699,2848246.1349220937,3.446830470962889e-05,1.5358259159516443
631,3754,148.372497536,44038.811924904,180.43155874722441,3.5641585749289457,1.4405682784645022,0.3637314842849863,-671.254049411513,32499.004750411794,5.52491303485277,2742.816142760678,0.04662780834725668,2014321.3206014887,4.702220364583276e-05,4.420312370297566
632,3944,92.73281096,39397.534736356,177.12934821164194,3.045712416199636,1.3518828618827716,0.39185796125737155,-703.3766794115604,38630.71220567314,4.937435879514497,2754.4284853616573,0.04149408772759518,1792544.5898321117,3.6822012335291237e-05,0.3363866641821433
633,4548,129.825935344,40565.968154452,180.35675365697813,2.7100758859395966,1.1401663722273607,0.3759938122310106,430.24100043843276,34241.39553078105,5.261251370024778,3289.545167871416,0.03702281620798876,1599385.6601851142,4.3680810254855664e-05,7.274495340076939
634,3346,-37.093124384,41739.038213096,176.5325127392313,3.825000124475348,1.6924362659306886,0.40050520433722814,-911.6500386661737,32235.677006489863,5.168552035535014,2545.9534315029377,0.046993164426950805,2030104.7032442747,4.304287888530401e-05,3.345962511847113
635,4838,653.766317268,40561.331513904,179.2156188705842,2.5096109497103103,1.117833133433859,0.3636226326535422,472.4341047644979,36880.51912507303,5.224496273588499,3360.981624103052,0.035982765532896706,1554455.471021138,3.938177016996007e-05,1.9869043656957848
636,2468,27.819843288,35938.600887548,170.60931766081458,4.4690175428324626,1.9588675193048928,0.4898348563670236,-1200.551149591503,36649.181196154466,4.391852368019057,1979.513986111844,0.051357681720343426,2218651.850318836,3.5652483794263436e-05,2.5487216829422383
637,1160,78.822889316,35943.237528096,145.3303964997207,9.468507948024424,4.262209891302456,0.6865322216486321,-435.5001332015693,33187.74996159371,4.324684567191243,1166.797944400164,0.08579757920881266,3706455.4218207067,3.6023097688487064e-05,2.5003815295183394
638,1096,9.273281096,34774.80411,147.42100793246584,9.72673134324086,4.609187856436191,0.6266734360150782,-654.4668187753251,40189.7743565377,4.181016206292606,1033.4330936913695,0.09365171595905303,4045754.129431091,3.12165604974813e-05,2.186236100280704
639,1106,115.9160137,34765.530828904,154.89101317717373,9.531041959053022,4.293131662251629,0.5981937573256296,179.63118203654955,41286.850533129495,4.276750548927326,1127.5775135437077,0.08779782685459361,3792866.1201184443,3.4538657662940485e-05,7.015238629464511
640,2189,69.54960822,41729.764932,169.61601125095342,5.812237629303132,2.50495373568823,0.4520016692176245,-313.56419717233115,32569.39329927438,5.068211806165972,1830.542499428753,0.06409013599626052,2768693.8750384543,4.347336227048588e-05,4.4449466161984885
641,2614,208.64882466,40565.968154452,175.07251864182018,4.712117434552642,2.051127944731561,0.41603057083511474,-594.9109816208138,36502.086034020336,4.9654207229724125,1975.0552844051945,0.0581959884469085,2514066.700906447,3.9501768795016126e-05,4.813063005988441
642,2148,278.19843288,40552.058232808,165.13780271214165,5.697835813993246,2.4564010572449857,0.4850909463518793,-288.5851776924246,31966.929036045785,4.896209301482757,1749.8072139059557,0.06477180878804814,2798142.13964368,3.8800675385222874e-05,2.163285678461387
643,2214,194.738903016,41697.308448163996,171.22701003902662,5.708157417517934,2.4723905162439554,0.43284113146455366,-688.3730350926402,35921.67090165441,5.043226730698418,1792.014745069566,0.0651453119055535,2814277.474319911,3.910199130042981e-05,1.963036800620016
644,1884,120.552654248,35933.964246999996,156.93936197378517,5.831984113814764,2.7480821496292913,0.5168206037511218,-383.09809166603014,41772.08406314989,4.372980480743954,1547.435367934332,0.06541559157481844,2825953.5560321566,3.175450941112721e-05,4.245805429532071
645,2013,51.003046028,37093.124384,159.45855787778558,5.6376435443817545,2.697051852087607,0.4848343162511119,-796.2947793141759,45443.53805750473,4.523742245078951,1622.479990268962,0.06454086108992002,2788165.199084545,2.9159997543860747e-05,1.762443622194535
646,3373,111.279373152,37102.397665095996,172.0123498853519,3.3451902918893226,1.5872366916083753,0.43298126939123693,-630.9100154578905,37736.884434558415,4.645127551462102,2433.249787523027,0.0441903257444636,1909022.0721608275,3.203885698375214e-05,12.485351406357125
647,4785,732.589206584,40575.241435548,182.91559411645633,2.5402308818688426,1.0892440366374831,0.354829364221397,-176.13323123459824,33307.706686059115,5.156884803897465,3430.488890004183,0.03479746976338608,1503250.6937782785,4.314297225795037e-05,10.841260968373064
648,424,23.18320274,22265.147911496,116.45631556699286,16.11540507953082,8.529789277405605,0.9180524204064715,-1533.0486167553759,57413.24869861736,2.655773746777669,589.9974278901899,0.10419747821309808,4501331.058805837,2.5225099523093142e-05,-4.5650730800406425
649,1903,69.54960822,38252.284521,164.7593660865472,6.13440752148795,2.7343097351912347,0.481556226361204,-771.7872790267089,39963.857060659844,4.6128487347962315,1627.7671073207855,0.06559839268027297,2833850.563787792,3.399266865083013e-05,8.452004355457477
650,2742,-18.546562192,40565.968154452,169.23111195994596,4.546958996547007,1.9386412757946256,0.46006726914780405,-216.2487896674664,32821.47008584845,5.083981693083784,1998.0863097478596,0.058898737677066236,2544425.467649261,3.583489327762441e-05,2.058791884033449
651,3885,278.19843288,40570.604795,180.81340909798112,3.166632626044077,1.3806573829176538,0.3808440698169065,-643.8261945374308,32990.73632613158,5.082314662546548,2903.782086938239,0.040514807661817254,1750239.6909905053,4.422516125076868e-05,6.097467999388738
652,3638,-13.909921644,41729.764932,176.33600457532836,3.5061046221113092,1.535262773674729,0.4175724508627494,-1246.4690848466726,29360.544538713137,5.216411294072015,2878.9334739206233,0.04194270639828667,1811924.9164059842,4.9659139458783e-05,4.044669360027133
653,3633,157.645778632,41725.128291452,179.4783691236746,3.4865451750953635,1.5254144967943686,0.36379735594274804,-704.1879402094651,36338.107603124634,5.201034561538842,2598.0602820613108,0.046340078937128645,2001891.4100839577,4.027911518618281e-05,7.181860405077923
654,807,880.96170412,35873.687919876,139.6344648491441,13.277208106559037,6.141591628374323,0.6970959319588192,-1056.6854629614975,41518.70356100532,4.16553529600982,969.0671041874433,0.0995023231432737,4298500.359789425,3.309858057324616e-05,-1.8582906574943125
655,3315,241.105308496,38247.647880452,175.33361739420005,3.4902623399038712,1.5398338779195235,0.4219673588154126,-754.6708747954832,36246.40301300274,4.7456043577842735,2529.3365601416726,0.043431133071644215,1876224.9486950298,3.799204432173782e-05,4.69903149112854
656,4201,92.73281096,37083.851102904,171.9246501081048,2.673945871181201,1.2338712769752431,0.409010587474118,-1518.3259138788817,41470.83579944886,4.598203230152107,2881.7838096846644,0.036935417996709956,1595610.05745787,3.248001730032934e-05,7.7345717797445115
657,3804,-4.636640548,39416.081298548,170.67009711863363,3.1748728225407095,1.4410135182208315,0.4420846735905786,-928.5097576340463,32875.86037860987,4.920602305967123,2715.512771235028,0.041945238616882964,1812034.308249344,3.803553003173384e-05,2.0920879832268735
658,3716,204.012184112,38247.647880452,169.20079162967147,3.130566909829479,1.4741202795155217,0.3956004929950091,-1434.9162939603063,42152.553207338766,4.738179236503643,2519.774661274283,0.043527731508975154,1880398.0011877266,3.311338834644206e-05,8.328802938913702
659,2154,171.555700276,39411.444658,167.094240608252,5.550721922098381,2.4704961627305666,0.47638595168782183,-906.6372464078096,35522.983737966286,4.72931718193304,1728.0561593504872,0.06335149131271066,2736784.4247091003,3.7988000954983945e-05,2.398527238295654
660,702,217.922105756,34218.40724424,138.73082228722836,14.864699840034366,6.798343204870174,0.7405309014488025,-1370.8031037851556,45530.90904710815,4.012529102828429,867.834567009771,0.10702802314163026,4623610.599718427,2.9935248191398904e-05,-4.057581738872438
661,2412,204.012184112,39411.444658,172.66383326302878,4.951059906456554,2.1482282415135905,0.4348451741270685,217.2803763462358,39304.60333429197,4.907982651843156,1897.0073765370832,0.059889440040448626,2587223.80974738,3.577810956376993e-05,3.2499928238888085
662,1648,41.729764932,34774.80411,160.57552187309733,6.442008043293063,2.945061827623263,0.5528128801095208,-1016.6507314256548,42862.38743600255,4.203807500480494,1430.0909120044469,0.06804487602192122,2939538.6441469966,3.070520248004372e-05,0.3951022852402388
663,1628,774.318971516,33615.643973,159.3259541755441,6.163658520245362,2.8215264858174733,0.563893805610071,-698.5062467744334,38716.369867379326,4.011540451074473,1455.1441612160984,0.0638147993434244,2756799.3316359348,3.4136500244863314e-05,1.7197121747697206
664,1699,-18.546562192,33615.643973,155.99394775456187,6.097481283002331,2.7456015390987725,0.5732517432350925,-994.4153082532064,37084.33066865232,4.06218923466637,1442.6814054814058,0.06517874137186391,2815721.6272645206,3.7341112082385515e-05,-0.12468835159974474
665,1109,78.822889316,34774.80411,154.36756301512054,9.493361650315753,4.259415526379915,0.6077211981841656,-828.620945946514,42213.2179020349,4.160303871741935,1111.5513177438745,0.08663867230157613,3742790.6434280886,3.223178246267432e-05,1.173082646980455
666,4362,204.012184112,39406.808017452,183.32204618752877,2.747356127700689,1.1693543344876138,0.37788372032521916,-874.7276300903375,32827.28099372525,5.063536133489634,3172.1488418367176,0.03695018437522379,1596247.9650096674,4.142572902259622e-05,14.479796458703838
667,3862,542.486944116,38256.921161548,180.72771178042865,2.9773516699173643,1.3154989298398376,0.3996416504841531,-162.74585910482386,35864.44393381744,4.860077333552819,2951.3907587275216,0.03811822944686663,1646707.5121046384,3.899516143493052e-05,12.19956041126762
668,2668,171.555700276,40570.604795,175.61108047152442,4.616440655211648,2.006398952989252,0.42346394043546853,-910.1723065568916,32074.9153062631,4.99451592017517,2142.9896639600715,0.05394976765070083,2330629.9625102757,4.482850538660435e-05,10.033790417435226
669,3825,111.279373152,39420.717939096,178.75752290200646,3.142238233175871,1.3784099332416453,0.38174844821834186,9.656110990598123,40018.13648998334,5.0178072827306694,2729.750032623335,0.0425507628798822,1838192.9564109112,3.481247629817661e-05,9.13293649593592
670,1705,111.279373152,37093.124384,155.19522806586818,6.622665746767165,3.153696539242767,0.5223635030989755,-1464.2483089675654,40668.084194413845,4.379057269298857,1403.1566324472838,0.0722421603368385,3120861.326551423,3.0329929798899794e-05,7.184339250651343
671,2602,148.372497536,38252.284521,170.41016379702916,4.475318462222893,2.011133950788375,0.4329433630871081,-1090.0205893400503,38374.00455326231,4.663608308582394,2025.8478067331157,0.05328825574813857,2302052.648319586,3.57830294366379e-05,10.332614110774493
672,1359,32.456483836,35929.327606451996,149.0592197340192,8.067704622038946,3.6415829730632194,0.5580684942162448,180.64053340447697,42302.78976900151,4.277727666337366,1216.11998315467,0.0814240988795721,3517521.0715975147,3.102709775095883e-05,5.936472287475534
673,1956,74.186248768,38252.284521,173.21953849115323,5.956829779556442,2.683920714279034,0.47735679096338,-1403.7142638788819,37319.2457487257,4.6350790382063325,1691.3572804613061,0.06343632861858296,2740449.396322784,3.929389947363132e-05,8.048810273461173
674,2076,64.912967672,37093.124384,172.79809013129656,5.479518115448395,2.50995396176831,0.4813880922739475,-2019.9867630605172,39164.20979809258,4.478149279845521,1773.0684788259023,0.058464105699983816,2525649.3662393005,3.6585165905987614e-05,7.521232509108687
675,1752,125.189294796,35929.327606451996,162.95722373888233,6.2099875279019425,2.9128245383446023,0.5057289650970875,-1265.9614007526563,43812.40125479253,4.295160843331506,1480.341476994134,0.06716357074818124,2901466.2563214297,3.1859992429181336e-05,6.875280573824875
676,1532,-23.18320274,39406.808017452,156.14150337114108,7.887469867588068,3.500734619763105,0.627649683558485,-1105.1820871913403,28565.207772175323,4.755649384829314,1444.4904050766017,0.07620990496980197,3292267.894695445,4.325392232745072e-05,0.09625962643249188
677,1447,820.685376996,40561.331513904,167.56523642809532,8.411745639297761,3.5462427167990573,0.5226401405830804,-841.3272398884781,32373.878267849188,4.818345309303986,1424.900183791974,0.0782761994962216,3381531.8182367724,4.498406296674899e-05,4.230007432957774
678,1217,97.369451508,35933.964246999996,151.72924367040184,8.969417023634021,4.122284694115438,0.6273852265254177,-2062.4393348146405,36224.79523053302,4.151374830542321,1187.4504825424167,0.08092686053749144,3496040.37521963,3.565588392821896e-05,-2.903290309411176
679,1125,23.18320274,34770.167469452,152.00038967496084,9.412800669682268,4.422493634930032,0.6183061488399081,-2130.327674784476,41714.783970697805,4.044678170010041,1062.667954676886,0.0881054228453151,3806154.266917612,3.238446433403685e-05,-1.8519966498942182
680,1721,-4.636640548,34774.80411,160.73063731257088,6.170601080954454,2.9510147495299606,0.5456760268867183,-2494.958203432082,41136.64814806611,4.0808811339223094,1454.7683765459726,0.06493462642300653,2805175.861473882,3.086500166365097e-05,2.232121162184013
681,1766,129.825935344,33606.370691904,160.0292118909197,5.764666681595168,2.8144616960379505,0.5540672230551223,-1892.584605401319,39053.014818031654,3.998498606003285,1517.7327690287352,0.060984278649501504,2634520.837658465,3.3759617605078536e-05,3.080082091473211
682,1371,139.09921644,37088.487743452,155.1959490273397,8.184773242000844,3.6347723608760103,0.5481095650095392,171.7461925429249,40551.18062076536,4.458987602439479,1266.0234311607137,0.08152874826131254,3522041.9248887016,3.295123572910632e-05,5.635688005138243
683,1725,139.09921644,35933.964246999996,152.06870309176009,6.315023086003481,2.9205247732531325,0.5986574538796641,-1881.3915807896194,31737.095519714007,4.138837708179304,1452.2082330872204,0.06597292746812454,2850030.4666229803,3.653678271175864e-05,0.6253388827779734
684,1748,60.276327124,37079.214462356,164.71324099329047,6.4582756940971215,2.9594244370772165,0.5265898127017278,-1825.9037721875181,36968.491458389355,4.407822815699787,1534.7149433144468,0.06648331404674458,2872079.166819366,3.535372339191547e-05,5.289029206124037
685,3826,222.558746304,40561.331513904,182.1962681104736,3.213053837883066,1.4440356851840261,0.37527805922014157,-1846.47572145143,32922.30151452026,4.9667444142085815,2856.043290253949,0.04025531962572764,1739029.807831434,4.3909822178899184e-05,13.834543566256698
686,4187,143.735856988,39411.444658,181.59906163639093,2.8616116821631814,1.3227897039398444,0.3877774874731001,-2039.7992062939686,35950.452174381826,4.853826843451569,3074.46308859783,0.03654527623843352,1578755.933500328,3.850268706239873e-05,11.175220342285805
687,1702,185.46562192,38247.647880452,160.21000371229488,6.816243972349651,3.0821598694656127,0.554737886500713,-1819.363283232848,33599.91722841032,4.499819397771966,1511.281452153089,0.06892328752605166,2977486.021125432,3.783610018281819e-05,3.156845069118111
688,1716,-32.456483836,37088.487743452,159.47444037533975,6.576135703646498,3.0352427948123495,0.5054795881900691,-1280.10943670141,41698.44185660581,4.401989775415437,1475.9471261083404,0.06903899852877943,2982484.736443271,3.264833316560943e-05,7.953818883694781
689,2558,194.738903016,38256.921161548,164.4416886329198,4.535530188807076,2.119730365320583,0.47300473200888743,-1877.82922541334,32965.217754305864,4.531132274582144,1944.7661129750481,0.053933128755739836,2329911.162247961,3.510774612591158e-05,5.106620343901254
690,2344,153.009138084,39411.444658,161.1048242713154,5.1266926000064466,2.3162679196665383,0.4896726422594613,-498.67561800672894,31443.928403343238,4.756849426975283,1839.8340406117973,0.05984901508694882,2585477.451756189,3.702853953104559e-05,1.5874185449293918
691,1165,-13.909921644,37093.124384,148.4377915640878,9.7562843882344,4.5641577418236,0.6648561911698596,-2001.736468983143,34879.38751415137,4.382350880682254,1172.9131106615175,0.08648833958892893,3736296.2702417304,3.917670895494557e-05,-3.275665265808518
692,2816,449.75413315599997,40561.331513904,173.10219138291643,4.344746774024954,1.9476769473266318,0.40029806186299594,-1719.1560638930216,39936.005422646704,4.839486195559057,2065.5774312426315,0.05423429871051876,2342921.7042944105,3.2376262701471494e-05,8.193594339951513
693,2892,74.186248768,40565.968154452,170.70301063006917,4.266188839218526,1.795809760948296,0.45476677489310335,-11.517751631220627,30123.353613332885,5.0298920524861455,2293.0402161135485,0.05077655663513955,2193547.246638029,4.4812790864673315e-05,2.2128708679002345
694,3331,-18.546562192,35836.594795492,167.7387950427951,3.291645144332578,1.5524008132573173,0.46215905753556336,-1808.5574500975154,37285.656721453284,4.367524578470057,2462.4335069577714,0.041056989233389664,1773661.9348824336,3.452807540007524e-05,5.711963523375106
695,4225,162.28241918,39351.168330876,183.0080583518754,2.8242424724546775,1.2631039066838137,0.3695566483595073,-950.5889365331439,35758.8894914579,4.975442262619729,3039.620119396703,0.03789035144975223,1636863.1826292963,4.451116237549944e-05,13.502268937715206
696,2661,37.093124384,38247.647880452,166.4423850474775,4.388257663172687,2.0197466744179375,0.45363361425444776,-1482.732183967714,39044.96708043927,4.658978913493672,2018.9074443100578,0.05341836467669542,2307673.3540332424,3.3473440125549575e-05,1.991459234750066
697,3325,208.64882466,41734.401572548,178.42197158708208,3.8017176467188323,1.6099946615185796,0.3865839243062681,-502.76025263499525,30584.34534827901,5.192623311233996,2515.8357813839575,0.047777209695241116,2063975.4588344165,4.7470722586514865e-05,6.427504890756325
698,1958,4.636640548,39402.171376904,157.7462975717712,6.159081583487251,2.793319364830232,0.5501840414538973,-1220.0082270154085,31690.53010963266,4.725465463090074,1638.8537836646049,0.06674529216631601,2883396.621584852,3.811744472077094e-05,1.088272798651597
699,1903,97.369451508,38247.647880452,167.15379240744392,6.113053248913708,2.749705655904288,0.4902783409518664,-1425.7549711521242,38656.1871800369,4.582730918431871,1632.6045772280875,0.06497699179740786,2807006.0456480193,3.6585533274902226e-05,2.194871535431977
700,7874,55.639686576,7766.3729179,177.8904687710229,0.30270851580536307,0.21086224084522165,0.3892795545712883,-1151.4890545100154,33968.147729636774,5.435075861919541,4818.340174229623,0.026111054159486134,1127997.539689801,4.6661241042967086e-05,5.714009456834734
701,4131,-13.909921644,39411.444658,180.0074905442066,2.9163509607578026,1.3104029064080023,0.38903901594799273,-1574.3885448298581,36491.04997395714,4.916953914988492,3004.217957023381,0.037886191777690925,1636683.484796248,3.9458930299172706e-05,6.1017827280193115
702,2036,-23.18320274,39406.808017452,165.97017715440586,5.910668606826912,2.611248748454515,0.49925599230631296,-884.9192616055494,34288.957871200815,4.774690171570544,1700.9518504773757,0.0649784621604678,2807069.565332209,4.096448978630057e-05,2.2851520024412233
703,2501,250.378589592,35947.874168644,172.57727891525911,4.351453425151882,1.956791973368805,0.4736123597520286,-1175.043611785964,40486.96516632605,4.400351264621291,1987.7446132206553,0.05124399900262109,2213740.756913231,3.459394953424437e-05,4.35270097343012
704,3940,352.38468164799997,41725.128291452,175.5362578127514,3.2085705005624376,1.4166704937986008,0.37199560511949326,6.935544643704148,33374.06261189806,5.203808896306328,2880.0630778864643,0.04182496563747095,1806838.5155387449,4.4188490439358326e-05,0.1731690449438546
705,2514,69.54960822,35933.964246999996,155.7807786124631,4.351577482831749,2.0368670778872575,0.4829257995817694,-693.7093561003612,40643.495203576815,4.353093641053424,1842.586746262634,0.054687279559701964,2362490.476979125,3.197449563359253e-05,3.160487704311518
706,2448,32.456483836,37097.761024548,159.6787551409967,4.652655803842306,2.165678083760568,0.46019232713926855,-851.5133024625567,45624.6956978452,4.490836426707697,1823.0028628464815,0.05702379795071349,2463428.0714708227,2.9429151593069778e-05,1.9983936583623871
707,1756,37.093124384,39406.808017452,159.732780187719,6.863972506724392,3.060357454321357,0.48450964664306523,-776.8696281694507,42999.57164725204,4.683985753277094,1422.3971626390996,0.07622737094012606,3293022.424613446,3.1100637767167145e-05,-0.8099452712823885
708,1794,37.093124384,40565.968154452,168.1511064359734,6.933746108031876,3.0409701837121403,0.45685803603822855,-825.1849961958764,41867.34930479444,4.8839280617310195,1465.8024692739632,0.07712764351791901,3331914.199974101,3.330372128005172e-05,-0.028127852797669443
709,1290,102.006092056,37088.487743452,158.184988812898,8.741198194779459,3.9519328928013064,0.5675892276928858,-772.5732406183216,40226.647195138714,4.468442436218757,1257.0803933769369,0.08228285800178602,3554619.465677156,3.41358133917847e-05,1.300877355435773
710,2331,78.822889316,35933.964246999996,173.8979434778754,4.7209489170435,2.1394356654291977,0.46835256249569557,-799.7520519246027,44384.08098720134,4.456789550134804,1849.0864180675298,0.055793187253766995,2410265.689362734,3.154989302577892e-05,3.478928012840329
711,2250,-9.273281096,38252.284521,162.55342068332268,5.15237891189694,2.3055327457309267,0.5674914372050127,-639.9513453781534,31996.751615027704,4.770584874168926,1912.9337657262156,0.0577281908025989,2493857.8426722726,4.0797685359951546e-05,1.3675870533555736
712,2200,78.822889316,34779.440750548,162.5302809741001,4.808939493918457,2.229561643630536,0.5117536163887741,-1178.1749854395277,39552.4821928355,4.209285734914626,1775.6581443896862,0.05487383373739469,2370549.617455451,3.557326717675362e-05,1.6250335151919688
713,1087,153.009138084,35933.964246999996,147.8402153759678,10.037429776481844,4.591943122475453,0.6421719317655687,-1322.2992294935516,39123.38054878625,4.199795459631308,1091.3125787381873,0.08908308158957687,3848389.1246697204,3.4562262591282186e-05,-0.08443383854471222
714,1356,9.273281096,27810.570006904,137.86483459804754,6.2648561188643015,3.308295432845802,0.6507453148759629,-1722.5103245420923,44117.86891267179,3.2616621336618885,1161.2811493663175,0.06501564097583919,2808675.690156253,3.0082056330906344e-05,-2.0446871777970776
715,3380,194.738903016,40561.331513904,173.18465508418393,3.648101767256261,1.6298838135630624,0.3946056108314922,-220.80814125731433,35443.86529358843,5.021003242221508,2513.192082160546,0.04624673447298045,1997858.9292327557,3.82940435660215e-05,1.9624162422772558
716,2455,9.273281096,34756.257547807996,156.58806750368078,4.320703787190095,2.14893173607256,0.4865665367438475,-1542.547209842142,47186.06545293022,4.185226464852829,1763.5077364658594,0.05493610276760994,2373239.6395607493,2.7962986846367787e-05,3.140329450185106
717,1957,143.735856988,38247.647880452,156.10028438369713,5.9392905731023955,2.794184712960941,0.5158831653209521,-865.4009200641094,36593.0132676965,4.5832104148821005,1579.1656680775145,0.06718283953512263,2902298.6679172977,3.374976232348799e-05,1.3234280069544648
718,2233,157.645778632,39411.444658,170.97025319883323,5.358176279905298,2.392528802371516,0.44671692612928504,-493.1886819019542,39391.53609638988,4.826172320671733,1822.4359219080438,0.06130089432743206,2648198.6349450652,3.589361129710822e-05,2.739755083548612
719,3005,111.279373152,40570.604795,171.67983941965608,4.112755839118969,1.8342548014877027,0.4140164365014377,-717.7168584901626,35698.08286827678,4.954881524719638,2256.627513859142,0.0508264349726845,2195701.99081997,3.9908137971782184e-05,0.7994051909661668
720,3182,111.279373152,39411.444658,173.24079100534146,3.7399476630618698,1.6495028503530695,0.4091588286685195,-496.5437747896476,37058.40767443469,4.844625902648164,2367.321412076464,0.04737173310931613,2046458.8703224566,3.851899202524764e-05,1.8680465771430381
721,2410,18.546562192,41725.128291452,172.55268323497089,5.298661824736732,2.4819987531152297,0.4283549708554673,-1227.5114000684885,35842.73674054287,5.143677243116017,1964.4951760617946,0.06060926201335833,2618320.1189770796,4.2464241544003486e-05,8.32794115221244
722,3198,537.850303568,40575.241435548,180.62140876702128,3.8238754747763624,1.656879773880311,0.38545704115482093,-829.6707525106307,36218.28168110314,5.009020045179324,2439.577262376692,0.047528536960495374,2053232.7966934,3.987265710149293e-05,10.587345774117843
723,1082,-18.546562192,34886.083483152,136.37256280663823,9.852534147459567,4.561713496967855,0.7685473545604042,-1075.4906335866926,32572.365369216284,4.215200881065664,1141.574705419363,0.08547324498861272,3692444.1835080693,3.920786301110322e-05,-2.023452929027346
724,3358,204.012184112,39425.354579644,179.15951705044938,3.5715196541749687,1.592814436264139,0.3932286918207696,177.67459283224983,36597.6976584479,5.129580010727273,2563.7925080847613,0.04631430884194183,2000778.141971887,4.117395331804696e-05,9.99964854566202
725,2098,176.19234082399998,40556.694873356,170.93944694420378,5.862372161247707,2.5621442221840542,0.459171246559523,-933.6645626275919,33092.03732638667,4.929849797689282,1780.3279104433266,0.06409880606579546,2769068.422042364,4.2612407140966704e-05,8.321054772740782
726,4229,231.8320274,41725.128291452,179.263938661119,2.9967936756992515,1.2942941153935639,0.35703283675900477,-219.02078524275487,34038.68207077513,5.369829888905266,3000.8512487453777,0.04142211909060874,1789435.5447142979,4.53379269602007e-05,3.7298123794870985
727,3111,134.462575892,39425.354579644,174.30994750384667,3.833017700774247,1.6759759165839028,0.4139159178490677,-272.18463900395443,35948.42472616892,4.951246853183224,2362.278005969707,0.048517657695623204,2095962.8124509223,4.169933957478166e-05,2.832411954369223
728,1550,97.369451508,33620.280613548,149.12895621633365,6.583300005116044,3.154989323902076,0.5880452309041668,-1506.471687774191,38878.83136184549,3.9367615451063673,1314.7473701098659,0.06931273759645527,2994310.264166868,3.433817024661316e-05,0.07607722869497006
729,1460,-9.273281096,27819.843288,147.89362036089446,5.814744207298209,2.904155942832139,0.6199125415640862,-947.5951386783704,42310.98631914851,3.3500577604302753,1204.7408371270435,0.06436872641274613,2780728.9810306327,3.275870931684472e-05,2.96146748294356
730,3260,268.925151784,40561.331513904,171.24401209739614,3.7649343809591573,1.669358924860083,0.41272329723524726,-911.3378158843932,32806.930747826926,4.905895941107668,2338.3178485505314,0.04856585519994797,2098044.9446377526,3.979700696841014e-05,-0.49511259776596983
731,2467,-69.54960822,41715.855010356,167.83718423961002,5.200508272630792,2.2944584609841954,0.38529353655103465,836.6850498372509,47599.96766034159,5.236294234139526,1716.5845050964667,0.07061144634551159,3050414.4821261,3.247902005686233e-05,3.243193410619735
732,3539,92.73281096,38252.284521,168.55748850471952,3.3033716634180017,1.5775714419459224,0.4106435496513307,-932.1035150397363,40200.464384955754,4.7446766176902395,2526.433989543694,0.04347252994375084,1878013.2935700363,3.456838314084067e-05,4.255851826758039
733,890,-51.003046028,30462.72840036,139.30407774369817,10.472312836725504,5.16470858654417,0.70575070707091,-525.4526257011958,35243.85616799615,3.6981133357086144,994.2081551327926,0.08610317157596788,3719657.012081812,4.3713381070006076e-05,5.25780227735278
734,860,245.741949044,35906.144403712,141.4214993432459,12.643150166492909,5.880627885287491,0.7016535457875467,-868.628475525897,40127.51870873072,4.274835799576313,1024.8125270691269,0.09655866783810794,4171334.4506062637,3.470046498894552e-05,-0.49368332932299935
735,2830,384.841165484,38247.647880452,168.09503805016908,4.074192125513128,1.838963115900914,0.4412904551442685,-847.261868219095,32851.227000197636,4.633387588035812,2188.091356614232,0.04901730542074122,2117547.5941760205,4.1527615846272874e-05,4.752882669544749
736,2092,134.462575892,41729.764932,171.31824190982624,6.066570113179517,2.6425390008961314,0.4592411053516952,-665.5824749987604,33215.2257900523,5.073184784726638,1741.8781454014068,0.06741851219031228,2912479.7266214904,4.348413244737946e-05,4.057338208048202
737,4020,92.73281096,41729.764932,178.59739272156156,3.164680128782997,1.3550224774457564,0.3791943783634215,-379.5342489429378,28903.5716867098,5.218470765892454,2842.661655338825,0.04249465783899646,1835769.2186446474,4.597036565943732e-05,2.6722061639565347
738,2089,-41.729764932,35929.327606451996,172.81845929621377,5.304553128272107,2.380567816664592,0.48656557164070263,-1506.487263613735,45423.30359690449,4.400059186829108,1735.512178935924,0.058687702197393186,2535308.7349273856,2.9764263639802926e-05,2.8507362741374145
739,2238,115.9160137,38247.647880452,168.4455154270646,5.214183651563828,2.3309217897957146,0.45800728313211536,-556.4937295382675,39351.40908650531,4.698879702342446,1801.1510956256989,0.06038936086167921,2608820.3892245423,3.6488510199121354e-05,1.8321617901154752
740,2431,23.18320274,39416.081298548,170.58034491957656,4.937291670674035,2.2316433850241553,0.43111964849491635,-67.92087772636951,39832.43685186164,4.943226535909422,1946.2012377576748,0.05879481420684203,2539935.9737355756,3.456203588760848e-05,7.446589415579525
741,1757,-13.909921644,37088.487743452,156.1380530897341,6.433960843089108,2.9750754988929162,0.5699236605826656,-553.2764016118207,35618.008887398755,4.540094951757692,1527.3810417883906,0.06880718542040594,2972470.4101615367,3.440572272044796e-05,1.296447863506409
742,1579,97.369451508,38243.011239904,158.34502861076908,7.323710396749245,3.395999510619508,0.5005316532133831,-607.7132185098126,41745.10204245048,4.579525374332538,1382.3096293984222,0.07668870241422496,3312951.9442945183,3.37172158103619e-05,4.789858902373824
743,1788,217.922105756,38252.284521,165.35602864931576,6.474880598137722,2.8606594953196316,0.5072992587830456,-833.820083558678,34999.00440002173,4.581434567979888,1590.6159744342237,0.06667336919482891,2880289.5492166094,4.047250136223639e-05,2.6047305349711167
744,2313,115.9160137,37088.487743452,169.05317188779082,4.826900281460247,2.15313588275625,0.4623628987540305,-417.3846616713001,38461.8763594942,4.541514263923798,1871.1630789148905,0.05618304795710313,2427107.6717468556,3.806051184776374e-05,7.598028061911284
745,3089,115.9160137,40561.331513904,177.92511743895733,4.001010339618192,1.7065155484374905,0.4026829973373218,-853.1506869801372,32527.86088738792,5.067754907126979,2390.1231000373264,0.04908079477866561,2120290.3344383542,4.530000756303809e-05,6.39325565234229
746,3273,194.738903016,41725.128291452,179.5299276838674,3.8670703536500586,1.6916136423006352,0.37772190180213305,-211.02091977330778,34246.77407132185,5.273688718996611,2508.3688033081958,0.04866753548901957,2102437.5331256455,4.305523790279922e-05,8.774328358057263
747,896,-18.546562192,32451.847195452,139.9549322561016,11.110443993007664,5.527227590848495,0.6915555375825433,-1715.7681503825986,41932.82695255618,3.802661514257642,885.8594843312162,0.09936629188516485,4292623.809439123,3.104621483599431e-05,-4.597244288451626
748,2625,547.123584664,41739.038213096,174.41877166859433,4.7816167592685845,2.063269137177082,0.4143501849597537,-12.777875238142295,32721.43241060592,5.135908268851373,2171.433033499341,0.054750371597267464,2365216.0530019547,4.369767985767232e-05,6.273338175824624
749,1844,213.285465208,38247.647880452,159.26409687723327,6.315984766994514,2.9984910059184737,0.45904807246443485,-751.0543978478983,46751.16547786561,4.600628553226007,1452.5569496188095,0.0733162519738889,3167262.085272,2.9172662932200123e-05,8.715483689638454
750,1337,32.456483836,35929.327606451996,161.21340516509275,8.200347303120674,3.7837423581047473,0.5463402837710988,222.54536670983276,44897.29655576734,4.488460919104757,1290.3502145965265,0.08052043324152734,3478482.7160339816,3.148057257299439e-05,9.035020027636715
751,1078,55.639686576,34770.167469452,151.37884999960005,9.862908750101262,4.542448762247554,0.6186197069859879,-273.5921150777834,36832.18574386495,4.233605928587715,1111.5453234661916,0.08816566915168841,3808756.90735294,4.048092832409108e-05,6.515761082856325
752,2145,134.462575892,38252.284521,172.17278663412904,5.436700601005689,2.36545432730776,0.45044003497918894,238.37331979904098,41138.00874814977,4.78533509353208,1743.5588685065734,0.0635319217976811,2744579.021659823,3.3605975752958624e-05,6.098329963511185
753,2635,139.09921644,39392.898095808,172.78874501122814,4.56625242499585,1.9472392864771695,0.42763011923948197,333.6635210095726,37057.507878696764,4.9586526125897885,2086.4061467630304,0.055014995747358277,2376647.8162858775,3.811602686200454e-05,5.098019681111889
754,1978,106.642732604,38252.284521,165.22651845990774,5.8791178902822425,2.6121601964638224,0.4741139391929992,70.83400411320187,39809.27216841806,4.732860815390599,1657.246752281072,0.06610781597153842,2855857.6499704598,3.494153639580154e-05,5.79051611822655
755,2339,60.276327124,39411.444658,163.2967260487542,5.16725126701987,2.3187167296108044,0.5036631057880371,-187.03554850103149,31918.073176559457,4.892351706995647,1928.4330730679703,0.05872585556013698,2536956.9601979177,4.0488228377748634e-05,5.184585311097343
756,3010,41.729764932,40570.604795,170.99919573965843,4.101274158328704,1.8262423014461937,0.4234129968704937,47.05225749814638,33675.90598561956,5.101936312330492,2293.5363113033286,0.0514927001670756,2224484.6472176663,4.158921029726764e-05,2.3052489357209884
757,3112,250.378589592,39411.444658,175.13558963205088,3.842939988908663,1.6379104430029783,0.415669770586612,-94.42821334030204,34804.44811549477,4.988692811085876,2375.0053640306623,0.048622627134044076,2100497.492190704,3.9448222053243894e-05,3.6971626036924357
758,1701,102.006092056,39420.717939096,166.4561451579882,7.053404017400981,3.161603695976032,0.5227770932582417,-1551.8603412267391,34826.61948317301,4.692600581402695,1494.283036553144,0.07269373391868288,3140369.3052871004,3.7027767502394677e-05,2.8177587059196862
759,2122,134.462575892,39411.444658,171.62782813572184,5.662679087304966,2.4781262950224914,0.4669229658798643,-597.4629021545744,33902.24320281767,4.841777716614227,1788.3406691869359,0.06267160939506265,2707413.5258667064,4.225268497267956e-05,6.555103123620323
760,1863,92.73281096,40565.968154452,165.062484647057,6.656204800807839,2.929175485004607,0.4818598528890059,-1424.5821955309768,34071.76849447802,4.78143001146371,1581.761241800007,0.06997342414295789,3022851.922975781,3.84415538667775e-05,3.714288216725593
761,956,-18.546562192,33958.755373552,136.39341675170817,10.828883538425602,5.2248138527590475,0.7085569563021642,-1868.9391358445664,37541.356456933856,3.8994045682302154,1036.2823854088156,0.0871036658597158,3762878.3651397224,3.638905340456309e-05,-5.520711728188216
762,3975,162.28241918,39416.081298548,179.83503430437875,3.010409010215108,1.3219440267181874,0.3904899980469886,-574.4342150500927,37379.595986202905,4.977919235751159,2922.6292776705845,0.03942669459279673,1703233.2064088185,3.9601499287262585e-05,2.1507375610491644
763,3702,491.483898088,40561.331513904,175.61748154204616,3.3052301852066166,1.4948914079013296,0.41999687941557023,-1383.2736786166295,28952.55740591267,4.927937010758867,2729.5015313600848,0.04179247187780374,1805434.7851211214,4.183119523707113e-05,3.679258277476526
764,4227,171.555700276,41706.58172926,180.24350544579002,2.981783228645253,1.2805471432324576,0.3649415983506136,-359.7942475619929,31659.4102460237,5.205483200396106,3083.8607310679954,0.039073520762961,1687976.0969599152,4.815867207012597e-05,2.25302824957326
765,3151,250.378589592,39392.898095808,176.00964302901372,3.7942156969441543,1.5906868464111181,0.4415082642589272,-1396.4198052067109,29515.993669666426,4.769841144039274,2409.3087235887297,0.04582766349714223,1979755.0630765443,4.4575761983489604e-05,4.372994681412884
766,665,217.922105756,31329.780182836,127.57067146493276,14.283448720655944,7.027100361776917,0.7656859059326933,-1827.0373437086316,46775.21733397607,3.641857766169009,821.2397516447569,0.10265243850766576,4434585.343531161,2.9604017984586395e-05,-6.486314359703412
767,2019,23.18320274,39402.171376904,168.42219123655394,5.970122911573658,2.713298702065058,0.4644013059142268,-1117.4034859585186,38627.7179934813,4.772653234004348,1665.2094063937814,0.06634485950912632,2866097.9307942563,3.594736695906285e-05,3.564232545609864
768,1765,157.645778632,40565.968154452,156.32618378988005,7.02928781830755,3.399909638559411,0.459918417996913,-915.3315718037928,46524.38299112998,4.814262674638351,1405.1089377421517,0.07931147729776865,3426255.8192636054,2.9619395753770946e-05,0.9858614096465078
769,1792,51.003046028,37102.397665095996,169.28386590416613,6.3238576532652555,2.822086049497506,0.49890934929955166,-885.2207945854426,40902.72963553496,4.542471007268048,1556.9048335204284,0.06753771301303423,2917629.202163079,3.4821707373869865e-05,4.051798071658376
770,2159,194.738903016,40570.604795,170.1847457926158,5.719300855003551,2.475717318600646,0.43275300363398805,-282.1321719769764,39756.01776494884,4.968705053725469,1657.6415046992422,0.06938552175607947,2997454.5398626328,3.377565572646314e-05,4.883770911268164
771,2024,88.09617041199999,38252.284521,162.5074661975747,5.776004219382245,2.476170918274371,0.46683692700347057,-706.8029330873209,41182.812594368,4.549842803460463,1592.7378499656459,0.06612540492307645,2856617.492676902,3.3094618938785415e-05,2.3025241950256836
772,1952,115.9160137,38252.284521,165.4712008112966,5.967100673542306,2.739822206469062,0.5037828321981067,-887.6350891581667,34933.072842718444,4.626848648324942,1656.2913839436837,0.06466433322587785,2793499.1953579234,3.730972053438317e-05,5.901427829478419
773,1936,78.822889316,37093.124384,170.71795966174935,5.825106534026883,2.7270357307555333,0.48612912374425266,-1463.8828836976968,41984.35341383346,4.470330717945816,1655.3696567888678,0.06251164343012085,2700502.9961812203,3.386176825912468e-05,5.693462182627005
774,1747,23.18320274,34770.167469452,159.63717360514755,6.0594692809304735,2.9426018617444996,0.5396710022493124,-1021.0895759045956,40550.67373124953,4.205808195710845,1494.8816716411015,0.06512667393274735,2813472.3138946854,3.135014087161383e-05,5.592619156441999
775,1968,746.499128228,35915.417684808,158.28646624471733,5.455293162431437,2.5586787211118343,0.496956028322687,-590.4164805515112,40273.01535502219,4.342391208021644,1625.8821928736272,0.06182386118814812,2670790.803327999,3.39945849642349e-05,8.61087229998707
776,2679,106.642732604,40570.604795,176.32880729967806,4.603910234268749,2.051840943589517,0.40701878518662993,-950.7634089149526,35927.96271980669,5.005117618532252,2118.983814574546,0.05467677635657329,2362036.7386039663,3.963478583018463e-05,11.554283633311837
777,3327,78.822889316,41711.218369808,181.33801269146278,3.8345130425198133,1.707485819928863,0.36949959344419964,-896.731604327067,33788.804233999406,5.282956011005745,2512.7209783533076,0.048668614405031556,2102484.142297363,5.658267053325592e-05,9.507431600147408
778,2229,-60.276327124,37093.124384,165.13607904645318,5.104140991593816,2.3423043749013366,0.5263086387327819,-875.9453443222608,34095.52455175529,4.54575582218744,1704.2281725745822,0.061743979421685594,2667339.9110168177,3.48651522047287e-05,3.7308813378850982
779,1790,180.828981372,40561.331513904,163.14020159923956,6.90974636247332,3.0725819120167133,0.4444856619701836,-282.9197609246757,42523.436253627544,4.895439403993457,1406.4933484522596,0.08056942231445542,3480599.043984474,4.707366785303934e-05,3.5529694304979738
780,1744,-23.18320274,37093.124384,160.91492651643136,6.507194084826418,2.967088950985494,0.5375424306924201,-696.561185650082,36277.203929197894,4.519199941981909,1516.4556449727245,0.06898395618421224,2980106.9071579687,3.6501835030733756e-05,4.394943170769333
781,952,-37.093124384,33791.836313824,128.63096256237404,10.894592884067857,5.212349651175836,0.7388328855033021,-1084.9872915393637,39306.71680999993,3.913604765726526,985.0423444931511,0.09196833356128493,3973032.0098475087,3.1196529814673935e-05,-3.108067760566469
782,1376,788.22889316,38247.647880452,160.72818354637465,8.325388916757682,3.8087211033774095,0.5109893417048973,120.24363347278857,45279.62221062253,4.64309286964317,1236.2773147052576,0.08693761531791484,3755704.981733921,2.9244765614077442e-05,6.186826915312738
783,2448,120.552654248,40561.331513904,172.77706338368168,5.034515269819378,2.2346349969345454,0.4225038011070875,-436.234223380262,37222.166954495224,5.023962675620452,1947.1170885669371,0.059726984570620506,2580205.733450806,4.1586413601645274e-05,5.4216331406690905
784,1854,-4.636640548,41729.764932,165.34954119974495,6.851788189989428,3.1876559006898058,0.44471265345996636,-1285.2635755819194,38786.795477477135,4.986122729713197,1565.1565304277979,0.0737431083654635,3185702.2813880225,3.676210437399896e-05,5.722794925251896
785,1676,0.0,39392.898095808,155.0871765823106,7.204545994638799,3.2453574891383505,0.5786060591933057,-317.6762833267538,32003.060932867193,4.823212469619974,1537.8852272778863,0.07259867954800536,3136262.9564738316,4.079391274357119e-05,3.551318179425149
786,1383,60.276327124,35920.054325356,152.63592441690835,7.9220347683751156,3.786251962921446,0.5430491056862213,-417.4736295019419,45276.74561738836,4.353083484879583,1256.0136262233177,0.08022669444458205,3465793.2000059453,2.988878742489159e-05,5.136586194420523
787,2846,157.645778632,38252.284521,171.99454992291297,4.085728147065812,1.8122805921084637,0.44368180723419715,-144.83815189143343,36237.043003958475,4.763374880273636,2187.0289914442815,0.05041693907355353,2178011.7679775124,3.7982732585651535e-05,4.514137062758225
788,4602,51.003046028,37097.761024548,178.81851879567157,2.4645237205381694,1.11166398846189,0.40270162851795965,-795.970180213666,41422.196999950764,4.755329378122737,3239.728103598847,0.03397725531835446,1467817.4297529124,3.5016287421016e-05,5.036755804002304
789,1145,51.003046028,35938.600887548,152.3811371833835,9.519198589709037,4.314239078356002,0.6118742715170687,-293.9205897334785,40520.66451013304,4.367143748831337,1149.1665313896387,0.08796922614859086,3800270.569619125,3.3707108696848154e-05,4.372936699891581
790,1091,4.636640548,30142.800202548,156.9429329635714,8.452482015652384,3.8609282600281563,0.6263687886605611,-211.6905228972738,48219.619266204405,3.7788960985611992,1091.0103152877875,0.0801774699104285,3463666.7001305106,3.046951037230147e-05,5.5818718518393355
791,1564,88.09617041199999,37093.124384,160.47125148243927,7.219547339183778,3.4125852487094237,0.5231865422456463,-256.57072497871775,42832.9708580873,4.535360616007922,1425.5635109018722,0.07364470165079473,3181451.111314332,3.15475921023683e-05,4.448791265634784
792,2515,125.189294796,37093.124384,157.60716976401793,4.461593181866123,2.1209384840343852,0.4435989934288159,-1435.3231322074735,45149.100012357536,4.36003273897825,1794.2410519741159,0.056250348113259345,2430015.0384928035,3.0038723143775403e-05,4.138267725669129
794,2711,69.54960822,39406.808017452,173.06854116881308,4.432980299031925,1.9879577934109542,0.431776925631597,-1122.5090334647293,36525.18522089778,4.780841805963526,2092.9411836014997,0.052876609846660254,2284269.5453757234,3.819135186058752e-05,6.477146154973197
795,3526,834.59529864,40570.604795,177.78390079802182,3.4352489086016895,1.484001529179148,0.37642388834961404,-198.9775544887791,35276.440547941034,4.989110208804701,2572.4906406337072,0.044893715225490606,1939408.4977411944,4.382040903829266e-05,8.52531236177894
796,1326,115.9160137,37088.487743452,161.13933677917234,8.52547785871474,3.8843779709421384,0.5786928811983684,-1710.2585353351167,38165.55605113855,4.413549678887645,1273.2125018796107,0.08024230179587352,3466467.437581736,3.664533406012161e-05,1.7303679197762591
797,545,825.322017544,28417.969918692,125.70617916821674,15.508797113233081,7.568933939761025,0.840516653947389,-1833.0078489416467,50407.72163212567,3.2241293041828896,717.5480840656279,0.1040106223392624,4493258.885056135,2.7201994419575824e-05,-7.431319253798684
798,1069,4.636640548,33620.280613548,137.60930044337465,9.60225795069086,4.865764203344027,0.6435307469298595,-2107.6510423640134,44599.63013085754,3.845294087142201,1043.9108841631455,0.08526727573467353,3683546.3117378964,2.942264833013794e-05,-3.603394303814199
799,1134,46.36640548,32451.847195452,145.71796097109325,8.73245972802744,4.267222050457821,0.6512182430444056,-2171.7966061941183,40314.28599155992,3.7612072162928305,1079.5808449908834,0.0806470235764192,3483951.4185013096,3.347318410004014e-05,-4.620441062432199
800,1958,-9.273281096,39411.444658,167.82683827112575,6.1685933554135035,2.79495617413382,0.5009011601134421,-1198.8038279146506,34408.62953685519,4.757624042563473,1656.859113464747,0.0664692521382531,2871471.6923725335,3.971256048998036e-05,5.131283543543843
801,2214,148.372497536,38266.194442644,172.88813139254518,5.269861098555261,2.3140213108416736,0.4615627731376477,-800.5099970645482,37155.37092662461,4.6643080923382,1852.4732198154582,0.05828429451779434,2517881.5231687156,3.7370494559713105e-05,6.335991264597836
802,2663,32.456483836,39406.808017452,175.2954495065026,4.519199298676545,2.0505801313874636,0.4321784447583471,-1267.8194486489203,37836.873203492134,4.802517135660502,2008.9936588379019,0.05533585317765268,2390508.857274596,3.6393620846751344e-05,7.099343091088156
803,1381,-27.819843288,34770.167469452,151.1772379944676,7.703592801143516,3.525516629338131,0.6417015562609392,-1112.078163563013,35993.026478454034,4.205346763899272,1310.8885616325447,0.07425954635216567,3208012.4024135573,3.514232913260879e-05,-0.012480054693673021
804,2510,319.928197812,38252.284521,172.90277814338646,4.617565465729571,2.0532477868894574,0.44405272184963984,-957.4579546943077,38006.0310390206,4.628096058009707,2004.6459918413564,0.053441781556784376,2308684.9632530855,3.7608749241757595e-05,5.356299743445479
805,1273,4.636640548,35920.054325356,142.70574343190916,8.635714734076716,4.181077684740857,0.6106429151271976,-1427.3437517680068,40530.43465215573,4.198730336485198,1167.0518346093013,0.08328064699510192,3597723.950188403,3.0805094592006686e-05,0.13676300889630744
806,1277,190.102262468,32456.483836,147.91677882844277,7.697951038550058,3.6354784291022253,0.6219885411144389,-936.615425304414,35815.24866485899,3.8331733731453235,1182.3998408407876,0.07504302863911877,3241858.837209931,3.628180529329369e-05,0.2820979716792823
807,1652,27.819843288,35929.327606451996,150.70606931954794,6.632003137624659,3.082777260707029,0.554409611843714,-1214.0946885939154,37846.078957482874,4.198410809092389,1419.4542892617958,0.0684667594658505,2957764.0089247413,3.523069637647983e-05,1.0512846012148411
808,2525,102.006092056,37093.124384,157.30919571043282,4.461995476986161,2.0763363146472225,0.45819679553267634,-1109.6930872276998,41471.24045868235,4.398398606318834,1843.776962155622,0.055220769455022155,2385537.240456957,3.118874218036247e-05,5.336805199376824
809,1955,88.09617041199999,34774.80411,153.61699185132466,5.415009941815671,2.558038674132495,0.524979202137058,-904.6301889948996,42003.67343121725,4.138062551777066,1539.695133418824,0.06221263087462351,2687585.6537837354,2.9755789240720967e-05,0.052294098167599994
810,1509,848.505220284,35947.874168644,151.79842824809947,7.118904532379789,3.35242810746527,0.5527328861722407,-654.5246798806658,38228.5993337234,4.272734586047109,1357.4178183145018,0.07286326425149321,3147693.0156645067,3.279859182361396e-05,4.241223550379985
811,3059,115.9160137,38252.284521,167.57365155571284,3.7967014499366845,1.7327948397704231,0.4293922730985883,-1004.4664020612503,37654.824638459635,4.691081979254154,2248.4005100790205,0.04829649350465002,2086408.5194008807,3.695797101740468e-05,2.597337004469565
812,3157,-32.456483836,41729.764932,177.91867711840146,4.026722857113082,1.7547816002665388,0.391838571775505,-779.8977836442829,32134.56444509642,5.145196720760895,2436.2733109685546,0.04888686971503605,2111912.7716895575,4.793735531768674e-05,9.177276847197811
813,1911,60.276327124,34774.80411,168.03492913510735,5.550674225315676,2.487835993707146,0.5171361863327952,-1086.7302117888626,40988.67627926963,4.251819959468118,1619.8291013924013,0.060760581617170684,2624857.1258617733,3.385626948682102e-05,3.8891294375056558
814,684,862.415141928,30805.839800912,135.356642799457,13.4134902256996,6.147999334134371,0.7664578506361285,-459.6384664631606,42326.512597478875,3.609439024387624,844.015460979881,0.09899324494746864,4276508.181730646,3.108743772083021e-05,0.8754492260915815
815,1792,162.28241918,42888.925069,170.95313917219067,7.285562733604017,3.151049167311252,0.4437515066945809,-671.9188621295044,37306.6135575226,5.181850121167868,1549.742522357329,0.07740010521479124,3343684.5452789813,3.767105457770887e-05,6.223186714342553
816,1983,-18.546562192,34774.80411,158.05952729002655,5.351259715678508,2.5348812136933137,0.5539408079604254,-958.0003044108313,36967.20162436876,4.218969536289145,1640.7185496049185,0.05952351296452501,2571415.76006748,3.371228063647977e-05,4.327927378951401
817,1423,718.67928494,35929.327606451996,156.4499809126025,7.582583535810737,3.4520516388885762,0.5293646975621045,218.08936777625874,45492.27888359744,4.305215823866461,1263.5105596177116,0.07887371652102776,3407344.5537083987,3.0205860046641353e-05,5.70983708877379
818,1865,18.546562192,37093.124384,160.62676915126738,6.0593825706290385,2.7770565137703453,0.488266668691448,-534.522031530179,42700.33273742864,4.529700677987966,1534.7318205392864,0.06832084990847981,2951460.7160463277,3.271465020701574e-05,3.177366428113308
819,1835,23.18320274,35920.054325356,153.79277012384193,5.9705066763730565,2.8592353542099196,0.4849913065843244,657.1958886937524,47517.64571346018,4.378839513013566,1448.1938961007495,0.06999202664582371,3023655.5510995844,2.978030623118111e-05,7.823175141765934
820,2662,166.919059728,38252.284521,163.27178616091305,4.361687090255505,1.9526593234046323,0.44971349882334766,-291.10829889663665,37413.45953814546,4.6838635503363735,2011.864253114364,0.05389169135097419,2328121.0663620853,3.4819796834429535e-05,3.8043660435682436
821,2246,143.735856988,39411.444658,169.94750972059018,5.3521056650079695,2.3678543781097052,0.45248361371379947,-596.7402747466584,38706.64942325081,4.802796621725503,1828.8352310554744,0.060790521659496104,2626150.5356902317,3.754094373693572e-05,-0.43896158492852366
822,3052,106.642732604,38252.284521,170.53205218897224,3.8092772078430923,1.6845308965758707,0.42421903745537703,227.38618346914294,37836.03361268913,4.796580375291293,2273.227872357509,0.04884330096506972,2110030.601691012,3.640313919694058e-05,6.999523982367106
823,3265,74.186248768,37093.124384,170.6345863113766,3.4582959347306943,1.555539829154485,0.41676449859002174,1191.5194421249334,40149.26605613178,4.844738790737747,2395.0292783863583,0.046824785099343715,2022830.7162916486,3.6249981798490134e-05,11.934369124220872
824,829,-9.273281096,17021.107451708,126.79729177853355,6.387487330030638,3.2029500192455114,0.9037495001913222,166.09314976086281,34023.24146896546,2.1943563912392645,827.3572648932485,0.0613946223591766,2652247.6859164294,3.9351925271724477e-05,6.706759548563918
825,1041,-23.18320274,35924.690965904,144.52968579457456,10.575124632008722,4.792206563345433,0.7018557461210758,-975.2107476562911,41779.34707296944,4.321295643742316,1073.4053131077837,0.09318939503260129,4025781.865408376,3.211560454520095e-05,-1.2408645607517212
826,927,-74.186248768,32781.04867436,133.71664995133642,10.870872907419495,5.1110388353007465,0.7329905353374868,772.9977859465816,43147.3254891933,4.090691872416317,1038.63308363981,0.09116977206163873,3938534.153062794,3.288037336098834e-05,14.002802078674982
827,1107,-27.819843288,33611.007332452,139.142441744892,9.339101073190962,4.528401667299521,0.6588602739030845,570.3148641801446,40526.92089036758,4.143824243498822,1108.5415753904867,0.08652977896170465,3738086.4511456406,3.2466448115859236e-05,9.035284989962953
828,1278,-32.456483836,32451.847195452,146.94372944675666,7.794020211516406,3.816914387572462,0.5637626394092309,837.1858391490329,52778.13109344831,4.001847723241377,1136.2626305364413,0.0815263667697904,3521939.0444549457,2.6829818080384912e-05,10.068637207245008
829,800,69.54960822,34913.90332644,140.02363771386678,13.299089419066208,5.964465878788757,0.7199065039128557,267.21761661334875,41942.1998046647,4.29156909813631,962.7648615505752,0.103183945778494,4457546.457630941,3.131288479301332e-05,6.863473437909521
830,1572,-9.273281096,38247.647880452,162.65812688168228,7.443453861351767,3.7370050527258076,0.4802530985302802,-540.5212058146482,52494.85308501709,4.715667076059272,1328.4886920222407,0.08216777511880934,3549647.8851325633,2.6338638424315286e-05,8.534882626950035
831,1772,102.006092056,34774.80411,151.5149585104167,5.964272104587389,2.820535430653361,0.5522286446937974,149.84554275926874,35193.42658572764,4.2534770126904675,1510.0904299525805,0.06520147011168953,2816703.5088249873,3.498547617060525e-05,9.823367937888227
832,2107,857.77850138,35933.964246999996,155.14601515960626,5.083731836302939,2.3203832652618654,0.4803799443610803,920.6501806960551,38049.6411440677,4.371660152603672,1660.7583552224994,0.06093351061435309,2632327.6585400533,3.273966669997141e-05,12.434012984263195
833,3645,74.186248768,39406.808017452,175.35793348504788,3.2978918106561723,1.461024034936112,0.3994550879142562,146.48871732752522,35856.501681869064,5.058600235182739,2618.8972676662056,0.0447124173643576,1931576.430140248,3.955689473298474e-05,7.434934296600155
834,3602,1080.337247684,40561.331513904,180.0064618002151,3.3388467386262954,1.400301058957114,0.37999857409824256,696.3929297098111,33104.645201855565,5.164862757354556,2762.0001135076727,0.04328638789238199,1869971.956950902,4.351028835217572e-05,8.596145344130006
835,1966,125.189294796,38256.921161548,162.22700995913368,5.921715766496573,2.6420556401777393,0.49136589289226773,353.2391200660388,37358.578970152805,4.748526606915994,1684.3651432701556,0.06525876994159849,2819178.8614770547,3.496438415390471e-05,8.0893955791854
836,1004,69.54960822,34770.167469452,150.55370671580596,10.6033692504676,4.885536517826085,0.6453444240615687,-1277.1265697399217,42832.004615560465,4.129162694583795,1073.3411851229991,0.08905133904004536,3847017.8465299592,3.325307093565491e-05,-1.918496798791913
837,1682,46.36640548,37088.487743452,160.12861931966404,6.73472989430911,3.1436556973631786,0.5001145479396277,-104.43358578953824,44128.223746761,4.540893075180155,1473.6187594746455,0.07133002681551354,3081457.1584301847,3.077665368001953e-05,8.389221229028962
838,2393,394.11444658,40570.604795,170.65085039974431,5.1044755670497794,2.1438049806913977,0.45086919239481327,478.68444438401247,32303.963441491956,5.036160965858724,1949.8172204408254,0.05978909146635913,2582888.7513467143,3.956063173280335e-05,6.222016285339936
839,2154,166.919059728,41720.491650904,170.66799905194523,5.898377773971449,2.5094176562683588,0.438165383237075,200.463812936966,34357.245583784155,5.127257399945994,1780.1078771265768,0.06667377601812577,2880307.1239830335,4.078660204794759e-05,3.970825373184104
840,1401,4.636640548,34770.167469452,148.00598150684758,7.595340469112465,3.66316604397659,0.5508340707272269,726.2920524316695,45192.34457946379,4.274391008308232,1290.0337850828168,0.07669894963028379,3313394.6240282594,3.0152482770913017e-05,11.022286041848801
841,1691,-13.909921644,35943.237528096,150.40783295517798,6.494899029237708,3.0947743303693183,0.551122819020649,465.1649125592543,35689.21398722748,4.426016982786669,1418.9819636760374,0.07220253635807058,3119149.5706686494,3.2208270138280676e-05,10.655040762639727
842,2856,83.459529864,40570.604795,170.19817425054055,4.325240740910072,1.9028029741113388,0.4112959828406259,500.2867617255316,36407.279844790144,5.075435055286919,2164.4547822241266,0.05428014645580175,2344902.326890636,3.796741747252529e-05,4.7792021460663605
843,3229,255.01523014,41729.764932,171.53494287281163,3.9180035817608942,1.6791647716189115,0.39158733665147677,-52.749399184158825,34957.690022482064,5.193155326208778,2340.9009332977266,0.05135284758850421,2218443.015823382,3.801107630597162e-05,0.8036015288955227
844,2673,-9.273281096,38252.284521,167.35662341499201,4.3696868454105555,1.9555535314816161,0.44109143444880666,594.5185873174314,37423.21535621031,4.8395877577633355,2070.0736416045584,0.0541176372381781,2337881.928689294,3.765956629904939e-05,8.870235188665006
845,2986,78.822889316,39425.354579644,173.5627518337645,4.021227437756704,1.7780334668815123,0.42602210879194,-312.08911866017394,33605.38390765678,4.916373719566971,2248.9155539725657,0.05060436662958252,2186108.638397965,3.9969407836905465e-05,3.556208341043677
846,2846,217.922105756,41729.764932,173.58735683655382,4.452840323163542,1.9480346020914436,0.3939446000698896,483.51322866578965,35525.94299073151,5.214239968692997,2201.2132626967414,0.054833396345899434,2368802.722142855,4.2755577731326436e-05,4.326901112795786
847,1918,-60.276327124,39416.081298548,164.12884042894012,6.2746285130803345,2.8123424641337986,0.5606056654675498,-1230.2166469704641,28689.135285231987,4.758427538588197,1666.5386560870722,0.06609434783474508,2855275.826460987,4.389904987443081e-05,2.3465471556665496
848,2523,612.036552336,40598.424638288,169.35226448335104,4.837470612592211,2.1254994986915223,0.4172086186296102,1292.04329009833,36008.45938772046,5.16134747230692,2055.3928307103083,0.05812788394894899,2511124.5865945965,3.959742781651164e-05,8.694846399686822
849,3886,333.838119456,39383.624814712,177.7625808350199,3.053400399140343,1.2751170490386263,0.3795545240145921,621.218779558958,31172.603673718804,5.332100189126341,2829.286189235846,0.04362522447826379,1884609.6974609955,4.403224881430536e-05,4.543465255383123
850,3685,848.505220284,35943.237528096,167.56696128291702,2.9076710709694913,1.3758191051284738,0.4187148723967043,957.9838092513602,41044.910746298265,4.569204382180448,2627.812502693086,0.04024968290145697,1738786.3013429411,3.6196255271491835e-05,14.848542783089899
851,3819,185.46562192,38252.284521,172.44704547527417,3.0440259952122455,1.3360821264730993,0.39738650418289373,616.2275458855023,38421.688394136676,4.9279945521466555,2728.896542934966,0.041802225248037304,1805856.1307152116,3.643351362882766e-05,7.973835097406995
852,4274,51.003046028,41729.764932,181.60273309271344,2.9740385351083303,1.3007507340575064,0.36095872871680557,-518.896366537551,34839.330041541565,5.25147166788858,3048.4741853033947,0.03987629114595544,1722655.7775052753,4.526293096448277e-05,4.607567847710203
853,2405,208.64882466,39406.808017452,170.41225132602204,4.963985528042017,2.1149284405762256,0.44329100353717743,727.0678318610336,35185.31612704881,4.980019984469882,1979.0967592814077,0.05824790518231345,2516309.503875941,4.011035096647366e-05,9.096033946577487
854,3319,292.108354524,38243.011239904,176.33716350946563,3.4961583125621423,1.5250962482751553,0.4020341318765002,810.1021838701357,38891.49954468244,4.962500949455412,2503.9959554508705,0.04587575587462789,1981832.6537839246,4.0613435883101395e-05,13.625923070113155
855,2956,-23.18320274,42916.744912288,173.75526545007799,4.450654744963965,1.8404342007325902,0.4052569097304278,706.1976309818843,29061.59029356974,5.507131585704627,2320.094549563577,0.05494599254207826,2373666.877817781,4.974822433891826e-05,6.262304187073201
856,2871,-51.003046028,41729.764932,174.15904431158498,4.4517829440022325,2.0850172188466316,0.40893900953307893,-231.8535201315165,34492.8307981316,5.2281412306761075,2302.1527829736715,0.052568964424163575,2270979.2631238666,4.874225783186252e-05,3.9980780555657116
857,3459,329.201478908,38247.647880452,169.63525320203962,3.3412487671001156,1.5194239405808063,0.4143366548253602,995.7923262299004,35361.40956882001,4.9642197128705385,2605.1975722625566,0.04410893614248448,1905506.0413553293,3.885706884158632e-05,11.617961726306905
858,1770,894.871625764,35924.690965904,170.91162424886423,6.037957279370305,2.8508414502765973,0.5091032023382047,-1275.3214686967538,40078.73329483987,4.323316402569419,1602.9120000624346,0.062434349842098474,2697163.913178654,3.5393092093958766e-05,7.735904133587839
859,3012,259.651870688,39411.444658,173.49263112834012,3.9734296492771195,1.8082984816737304,0.41287437861235066,275.92030401327776,35867.35852508763,5.08284976924156,2394.4304714758614,0.04913843223882076,2122780.272717057,4.002112444049269e-05,7.568827525850131
860,4326,9.273281096,42888.925069,179.46082218774666,3.0311227966259677,1.334932699359225,0.36363942272320016,414.81337663135565,33967.10370534862,5.670715266168194,3114.743279136659,0.04214361997872615,1820604.3830809698,4.4262294742587796e-05,6.669559993769596
861,4451,125.189294796,42647.819760504,182.52861762940137,2.9277732123679296,1.2566300625156048,0.34734048085476893,-746.4437948689423,34408.190379094936,5.574984081850358,3094.871645623983,0.0416981937304934,1801361.9691573149,4.440337588675583e-05,6.5580190253989015
862,3414,125.189294796,39406.808017452,178.38776445224647,3.510310882742037,1.520995153872375,0.3909626101567866,399.2963522821058,36031.54692657976,5.114028032079017,2620.578399499139,0.045173339802760025,1951488.279479233,4.1066035490032296e-05,13.318333817116157
863,4107,913.418187956,38247.647880452,181.79547464999249,2.776227833652249,1.1810142624509317,0.377150888151425,1651.128790333702,39481.981671785434,5.044109037386467,2987.70752882178,0.039080727329050366,1688287.420614976,3.667590499114898e-05,15.996584957223757
864,2841,185.46562192,38261.557802096,171.82962668559793,4.087900851837266,1.8082594814896464,0.43914760861851687,575.3358858568447,35701.22467323379,4.865209028373952,2199.2952171916236,0.051207577082042814,2212167.3299442492,3.6306000616863305e-05,10.384332912525274
865,2306,120.552654248,39406.808017452,172.5637296285769,5.179739555783746,2.2436963937461036,0.436442250791169,604.8232318814709,37398.86844951115,4.9694469293611006,1924.365553140648,0.05977736067218154,2582381.9810382426,3.914069969830836e-05,8.345188524522827
866,2850,134.462575892,40561.331513904,174.70840828152973,4.316926226405046,1.8719566163433794,0.3993856994348265,510.02370244204576,37788.426382486105,5.159819917395816,2178.52262209697,0.05482627293109073,2368494.9906231193,3.648697058410095e-05,9.141519960119693
867,2339,69.54960822,39402.171376904,171.53957425218192,5.13503691422395,2.2564190422248505,0.4328505536140919,369.35124183078443,39992.0296736481,4.924630457697515,1888.5635686508122,0.06036125937296534,2607606.404912103,3.5916259074915214e-05,6.280239665400427
868,1520,74.186248768,39397.534736356,164.05609756133822,7.847891688025643,3.3761835432268232,0.5257452908904707,288.4351932519108,34239.632546542685,4.881334204213003,1481.8661778293451,0.07625104682884398,3294045.2230060603,4.096914677615977e-05,9.030540870287314
869,869,250.378589592,30527.641368032,133.06069937891994,10.640767495386228,4.972941909227645,0.8155966418496291,-1876.7550878316245,32995.172309333946,3.5087573693515863,910.3183385380945,0.08922289265543364,3854428.9627147326,3.589089251797829e-05,-12.17340653078646
870,1964,55.639686576,35933.964246999996,169.0206589749959,5.53827723958304,2.4577693210202445,0.4864223695466507,405.4836271869195,40694.00603977011,4.5554100969516975,1643.9792698202712,0.0641427235340602,2770965.6566714006,3.678079384731929e-05,10.022805830284975
871,2016,-32.456483836,38256.921161548,163.105306184648,5.813657904560408,2.5934621549747474,0.5193475636298556,-93.84683667321009,35561.689166956494,4.7734461348931845,1702.2076931022184,0.06491360528769344,2804267.7484283564,3.6948463376569726e-05,4.993769084156142
872,1679,83.459529864,37107.034305643996,150.3829617805644,6.743344892736108,3.178091675783078,0.5198794921394142,502.3174514838731,38524.52528675866,4.555211929237678,1441.3346577436894,0.07315769451438292,3160412.4030213426,3.263561026680223e-05,9.060165394955076
873,1266,41.729764932,35938.600887548,146.4936119406337,8.652875692864264,4.004176262335485,0.6032734206596286,-67.51089856024065,39488.46615910834,4.337570074862689,1186.4401629905046,0.08462855340535128,3655953.5071111745,3.1262805671780125e-05,5.495652878515823
874,1137,27.819843288,37093.124384,142.9194983291985,9.954091844927337,4.836585318976518,0.5946095357897278,288.642781944885,41886.184494001056,4.483894774981163,1131.7966488502245,0.09170716368299378,3961749.471105331,3.0931748900446274e-05,7.561935781497588
875,2624,153.009138084,40561.331513904,172.5712922642074,4.701671930493853,2.027858574975432,0.4356543331174523,-88.88926920391323,34402.36631943383,5.057526924080669,2087.7640144276857,0.05607548635421813,2422461.0105022234,3.899146917407915e-05,4.932888866191663
876,1840,97.369451508,41720.491650904,167.49344895806325,6.914329798249438,2.9617555237079225,0.4657256250469769,153.32497586758475,34148.120031036975,5.129687120932925,1656.6298057885342,0.07167730353160154,3096459.5125651867,4.3291627675459964e-05,5.659482484591045
877,1885,162.28241918,39411.444658,167.06713748133762,6.348494541993182,2.804476816390349,0.48560521982020033,-138.71279271220445,37168.05554977838,4.861767570013092,1618.1028344602162,0.06955115186487382,3004609.760562549,3.521223609222071e-05,7.244930298465755
878,1692,41.729764932,38252.284521,157.24756546500646,6.918998643143512,3.0877139419595596,0.48431735860084774,470.7773472113103,42150.436226819365,4.6692946764284144,1442.8810236287711,0.07490952001398903,3236091.264604326,3.2704873380665286e-05,6.148366551085666
879,1467,-18.546562192,32456.483836,147.5594732488134,6.7934603513190455,3.2612357503569225,0.637113690872106,-170.32720199388865,36190.76491605917,4.004146536562864,1340.8005386669736,0.06912928102445622,2986384.9402565085,3.457609131586208e-05,5.87644549966758
880,1013,37.093124384,32456.483836,153.33621678234078,9.767826788675992,4.754546383339532,0.641512993102322,-2273.64558787526,44078.932392960596,3.8229094210531707,1000.4783669971767,0.08845096161458509,3821081.541750076,3.418774616922673e-05,-4.191867028377866
881,1362,829.958658092,38247.647880452,159.61622071882914,8.39848426957186,3.7206966407655817,0.524643461791358,828.376602914466,39546.64765325956,4.691698575106053,1327.6756428276956,0.08180020042523671,3533768.658370226,3.646750849842037e-05,9.336871339692193
882,980,4.636640548,39406.808017452,136.48957963672018,12.296845156070104,5.871280273392793,0.6386132652644423,101.39858274793528,43909.391532760885,4.751125637761082,988.3333328958333,0.1112780035568727,4807209.7536569005,2.7300298806797125e-05,4.771422295691308
883,2133,-13.909921644,38252.284521,160.33376613142678,5.519462269494111,2.580455670149948,0.4284710190261664,1031.4817870015434,54369.017926461725,4.736944028787807,1519.6714106892384,0.07215473119819639,3117084.387762084,2.551829241810647e-05,6.532567668113171
884,2856,64.912967672,39406.808017452,177.55764641972388,4.206255916505222,1.8785444832381235,0.4101008068349087,218.98087168933716,41989.69552782682,4.97762187279471,2155.3067815300287,0.05346001298948228,2309472.5611456344,3.394429223844561e-05,5.443101484027465
885,2442,357.02132219599997,40565.968154452,171.66268820918367,5.035191195719885,2.2112063681443845,0.4040381244999952,726.9445082000626,45083.26539701438,5.049080166698676,1822.363898923524,0.06413475145093525,2770621.262680403,3.0601664842716424e-05,4.875964694732229
886,2621,-13.909921644,39406.808017452,172.61536256843334,4.611948702082209,2.0371189040833744,0.4309896006008675,453.36121558335293,37765.59958080607,5.000264987345461,2058.7370025051296,0.05622227344543124,2428802.2128426298,3.670726220811713e-05,6.144056316639128
887,2321,0.0,35933.964246999996,164.49638462268516,4.7507489772065785,2.159342190164932,0.4511731818290987,1332.9469096334249,47072.631290697136,4.55926397951783,1784.6518452809091,0.059136754501145944,2554707.7944495045,2.9753039133783875e-05,12.483341735805583
888,1570,157.645778632,38252.284521,161.00544328520084,7.422318103533863,3.275180549197595,0.5123665429221003,870.43950899088,37325.12880712367,4.759635823222832,1463.1763491246668,0.0752997102728646,3252947.483787751,3.705442025147463e-05,9.919546470168719
889,2136,153.009138084,39411.444658,171.2214986321324,5.613928575215723,2.4196551489291633,0.45303258737360613,742.3702106269245,36653.401290427086,4.9678010325944735,1817.7186473418951,0.06326358286590802,2732986.7798072267,3.8375404840286265e-05,8.570053938512835
890,1200,-18.546562192,33611.007332452,148.2395227380127,8.61639580002582,3.987878171129982,0.5957486636150799,884.3525533038162,42544.15751736341,4.206690129937476,1149.320723267012,0.08472577268453418,3660153.3799718767,3.2282483687757714e-05,11.248288083860455
891,2441,-32.456483836,38243.011239904,165.95229155600876,4.78978218094596,2.214168293165527,0.5300808321434892,-1528.952899692593,31703.048726291072,4.663217674701086,2022.506838813603,0.053371811412199634,2305662.253007024,4.53660709210257e-05,3.3681421937587817
892,1093,-13.909921644,34774.80411,151.51689428813688,9.690377821104112,4.502843935843331,0.5852059556737249,1104.9236631526562,46879.8910232496,4.35898999045289,1135.3521517111917,0.08887334728984221,3839328.6029211837,2.9208047200993696e-05,11.289458625031953
893,2560,190.102262468,39411.444658,175.7247435452885,4.666119252077422,2.001930925735712,0.4255309918725213,686.44326590175,33557.9495828899,5.038192849496358,2171.6183584337523,0.05370411151027305,2320017.617243796,4.715879168947612e-05,10.842880406751167
894,5230,556.39686576,38252.284521,173.23160368068162,2.1940113718604994,0.996463490630324,0.3717725508027056,737.3213225192928,38243.590759504514,5.004230510718051,3561.8012613195315,0.03252249654902701,1404971.8509179668,3.612714733936291e-05,12.707251624285977
896,3182,37.093124384,40570.604795,176.7022503340811,3.898402492560633,1.6813862235396064,0.3841856367276536,824.7514286787798,41272.37497927633,5.187129491037835,2329.9369495982924,0.05153463141690335,2226296.0772102247,3.3535186085453006e-05,5.431142696095653
897,2721,60.276327124,39406.808017452,176.1213549095272,4.41193319420076,1.938131601877561,0.4187687016804565,-173.37344269523058,38568.198138386884,4.9894396121822115,2134.993065326968,0.054096797406386316,2336981.6479558884,3.674492560056591e-05,7.784008347675958
898,2125,454.39077370399997,40565.968154452,167.75606523562655,5.770805156862186,2.5531177959740554,0.4213888829094384,977.6603363179119,44482.304048899605,5.0495566486880445,1673.5006620577487,0.06984633351896684,3017361.6080193673,3.07414708219661e-05,6.560358767544157
899,847,-32.456483836,31264.867215164,127.3077852679711,11.352528218823482,5.5315742322666965,0.7770757312933982,-331.7333037555483,40582.35139342057,3.743091834438188,977.910176530754,0.08860286598415812,3827643.8105156305,3.3329740394271905e-05,2.446930081180984
900,2927,894.871625764,40584.514716644,167.88214540129667,4.146592380822801,1.8520616568975445,0.3803655379204299,1157.3053925517738,44682.1188586179,5.076601692013369,2037.7288291487703,0.05766907076882975,2491303.8572134455,3.0425035345524272e-05,7.062127288814861
902,3475,-32.456483836,39411.444658,179.96071192503345,3.474883948124033,1.6282230710779286,0.3961077479966027,-1034.165402579611,38795.951523148695,4.9576203199374875,2622.860723261417,0.043753649826089,1890157.672487045,4.027451003551832e-05,6.865467558665935
903,1203,9.273281096,34774.80411,142.2207310709043,8.863938487966152,4.188385196414914,0.5896050017881173,-268.59297919186264,45574.41999900432,4.099310637956872,1118.9434796816774,0.08480450681896869,3663554.6945794476,2.922428895116504e-05,4.945150859300179
904,2953,139.09921644,40575.241435548,173.88171308616157,4.1694013820162334,1.8014704198546256,0.41397188977355814,27.43261401244831,33712.31953255825,5.089979726758362,2301.8605926679274,0.05118624696967943,2211245.8690901515,4.100027858617513e-05,6.663911036205441
905,3357,32.456483836,41720.491650904,182.40614637059628,3.7984013118397795,1.605342024800224,0.3619658919942342,-333.2448881694017,35003.9397790136,5.274464778754373,2484.8546743731367,0.04913530491741807,2122645.172432461,4.626172380949651e-05,10.676460314012413
906,1621,306.018276168,39402.171376904,159.59265897435424,7.343518177689808,3.194834357069744,0.5252404149767802,121.89485072291959,33366.77479730261,4.790992918300975,1471.901776739639,0.07534647732759472,3254967.820552092,4.065266558509198e-05,6.433339145736379
907,2290,51.003046028,38252.284521,178.91029749034024,5.09535383864625,2.120720709518471,0.43079824869269745,946.8562260772743,46171.33651567556,4.8959066743747055,1803.1818377165293,0.06285066244980075,2715148.6178313927,2.9622591005402493e-05,9.649317341988054
908,1238,78.822889316,33615.643973,143.96058845838124,8.251226201840558,3.9216668214238126,0.6225697337424078,120.5140172956249,37969.979802355425,4.077648558936565,1169.9846342212827,0.08067628426690444,3485215.480330272,3.167437864348785e-05,7.232498377217493
909,1114,37.093124384,32447.210554904,140.53661781016498,8.925459425772473,4.51094600256473,0.6281341176393274,-674.9613388742357,42878.07634278092,3.891944529801997,1092.3260046656717,0.08247657583489068,3562988.076067277,3.2051501356005595e-05,3.444138482247526
910,3132,-41.729764932,40570.604795,173.48680923278678,3.978815805578525,1.737852545056432,0.41648805857559934,150.24826065509075,33296.89254325652,5.177786746541619,2382.6893096183626,0.05030289690083886,2173085.1461162386,4.05738873795214e-05,7.604381662164287
911,3793,176.19234082399998,39411.444658,177.97830362803418,3.1296504781280117,1.351479647317214,0.38273179442069016,414.03352227994435,36109.23931142564,5.015446574632254,2755.274490383079,0.042136745628769595,1820307.4111628465,4.056356403074604e-05,8.630961454130029
912,2945,306.018276168,35933.964246999996,163.90746407576785,3.6912846740949727,1.7416788507536345,0.4688866811317266,159.21798811105253,33921.586149645984,4.5884220051255795,2233.1722115213233,0.04756170249338414,2054665.547714195,3.567154624209444e-05,9.474918766936499
913,1313,-37.093124384,33620.280613548,148.56438922895393,7.850128825224727,3.8058535193715013,0.6604679818601742,-2210.401582811107,39544.30637284116,3.956188780711461,1195.0207533777666,0.07663335029044552,3310560.7325472464,3.234458458199032e-05,-6.156651387060197
914,3220,199.375543564,37097.761024548,168.17722333940335,3.503313293765474,1.678762872603639,0.4449549972255635,-910.9845811390413,34055.18667838162,4.641610011961847,2388.9578791765616,0.04497554232302124,1942943.4283545178,3.554774892120939e-05,10.662369060623583
915,749,46.36640548,29298.931622812,134.47900001135505,11.938980441811337,5.707339068518734,0.757481122578819,408.8258135651449,40134.45823180968,3.611000099528223,899.0685083799732,0.0929717418503221,4016379.2479339144,3.345845934831782e-05,8.049711626625687
916,1229,-4.636640548,32447.210554904,151.81076706300942,8.092670467115916,3.801435262035637,0.5936269112859427,432.80114435749175,39816.037814848045,4.028992916821154,1153.5911766850193,0.08084642706302587,3492565.649122718,3.431844001680598e-05,10.481176257855616
917,1234,23.18320274,33615.643973,146.02544924937834,8.341195430740559,4.099755022718042,0.6054245148315478,729.4804051062075,42460.489380433944,4.200443766400484,1196.6080015135335,0.08125676451237078,3510292.2269344176,3.288929803931265e-05,10.754940579931537
918,1110,51.003046028,32451.847195452,149.08614214390005,8.793507684209409,4.219897201927492,0.6247166313705524,151.8152778975851,41291.90908382393,4.033733392562266,1112.2000626542965,0.08395383285478801,3626805.5793268424,3.330953318547624e-05,7.778025968437034
919,1428,-23.18320274,37088.487743452,156.31625618838595,7.971165750299194,3.7271468537047747,0.572105056966335,-169.8966065353281,37119.36676353316,4.614283236033298,1381.3520859793764,0.0773243208804985,3340410.6620375346,3.6596059725297285e-05,10.686447503118469
920,731,-32.456483836,12750.761507,112.30240968620116,5.320513769659716,3.2398414104303788,0.9362688588895759,-1360.7879180570233,35845.90908228663,1.6425219715983466,645.2878920554143,0.05892151767180812,2545409.563422111,3.4705690570942986e-05,6.244076182271503
921,1319,41.729764932,37093.124384,157.91447563032906,8.608020876625393,3.9382094151869067,0.5211754890608061,1267.4741684994742,46869.986439931585,4.638047532329467,1251.9700321150121,0.08575461763660859,3704599.4819014906,3.1185028165509896e-05,11.549785350573432
923,853,-13.909921644,33624.917254096,141.54873611140349,12.061789261952631,5.522408910875304,0.6931881870748237,1514.8360704046759,42351.88780883984,4.23262338271901,959.0479763830184,0.10216109676599328,4413359.38029091,3.244459859707829e-05,14.991784421590145
924,1392,27.819843288,34765.530828904,165.09493678285298,7.568477957758651,3.4637943537502514,0.564578307647807,-2110.49129553324,42677.11997174247,4.119334668929206,1297.0355332058373,0.07351762287690801,3175961.3082824266,3.254609513871118e-05,-0.281106758894787
925,1164,199.375543564,37079.214462356,150.90296249270062,9.67386694815878,4.293980045344602,0.5926062853480408,1073.921223878807,35866.82121942785,4.628957514150267,1208.4819104715593,0.08866644455374799,3830390.404721913,3.68012437633316e-05,14.45937263899091
926,2826,222.558746304,40547.42159226,172.92423241860524,4.344941136806654,1.8985897664639677,0.402246077774968,1345.7812002742676,36812.90410169598,5.216568586790284,2214.1070821602407,0.05453842022590036,2356059.7537588957,3.986225150345193e-05,7.946451751289714
927,3598,148.372497536,39420.717939096,179.7603493448008,3.326832625443312,1.4254015611540747,0.38785608270313543,750.8554376918587,36834.97338842887,5.106148310348026,2681.2784021460066,0.04408265753371629,1904370.8054565438,4.1719149880441444e-05,8.900994996970459
928,2102,51.003046028,39402.171376904,171.27588326468828,5.727366146770156,2.463027462952682,0.4544540300912352,1458.9570973990053,38858.56850871404,5.048036135556485,1731.6254990257173,0.06748150127658252,2915200.855148365,3.4623372427335916e-05,11.183006064059747
929,2161,74.186248768,35933.964246999996,158.67164920913905,5.074314171006997,2.3076305757794797,0.4630259488062223,1291.277386365138,46223.16415494513,4.569018812829986,1690.880510824668,0.06254985121301188,2702153.572402113,2.9261910440164807e-05,13.684900775299303
930,3431,194.738903016,41715.855010356,181.41160393332675,3.686260453000881,1.5781784233059029,0.37207288019217893,146.72921133496493,34494.13140077877,5.305200816557668,2576.99657059995,0.04765453546131926,2058675.9319289918,4.026712656307754e-05,12.085164749321681
931,3215,148.372497536,40561.331513904,181.45504318605757,3.8451239128541475,1.6041676333573975,0.37679163864972914,528.3666065149586,36624.94636760524,5.208078474319388,2431.30209862579,0.04958551722505709,2142094.344122466,3.7614437200058115e-05,15.318823638224066
932,2468,185.46562192,38238.374599356,173.99601242312022,4.707119622464235,2.1299790991058734,0.44072211532277855,174.6207034320644,38076.70509872319,4.800098722602092,2023.8709054309736,0.054901424818332885,2371741.552151981,3.841424769435711e-05,9.500605601124423
933,3109,139.09921644,39402.171376904,177.78834662774594,3.8602077928251672,1.7122087511013049,0.39845893187098386,815.4653151394534,38753.824829397294,5.088871801384016,2412.419693565047,0.04882979469931711,2109447.1310104993,3.831715060274436e-05,9.487790275401387
934,1824,-9.273281096,35929.327606451996,147.43019158959717,6.032221231879261,2.8685327886779883,0.5727421819523303,275.7769556141425,32797.546886243705,4.441259329379681,1548.7366323805857,0.06638115659652212,2867665.9649697556,3.840929396169694e-05,7.853490963551957
935,1319,64.912967672,35933.964246999996,148.61639422162332,8.3180150907765,4.007213788490494,0.5857107460350017,-2359.0706260174334,40931.134984430064,4.127204006704016,1169.22421999276,0.08170984499911127,3529865.3039616067,3.2807382933844e-05,-3.912432570307374
936,4226,92.73281096,16914.464719104,170.97497717049131,1.195038970397236,0.6639509002264303,0.439014354889083,426.5321470870847,44448.18316682855,4.856724901404244,2786.8521394079526,0.040340922987176994,1742727.8730460461,3.244805019630057e-05,9.425668214449818
937,2987,106.642732604,38252.284521,178.2889333499164,3.9053114636530295,1.749841012866762,0.41867454981492563,253.9014714317556,36336.0653909801,4.868611163545951,2404.845964955134,0.04686343081087614,2024500.2110298495,4.083139451403492e-05,13.097707179944884
938,3026,361.657962744,39411.444658,178.07005358580238,3.9075706375475203,1.7028006733021295,0.4052799297134783,-64.17824886228816,34587.87886479104,4.900705715935138,2339.262758602483,0.048494877937831755,2094978.726914332,4.1717278605235806e-05,10.38726405624724
939,1091,27.819843288,34417.782787804,142.55948342421866,9.681670306104321,4.441697262797437,0.6943684224066964,212.34559853537138,35434.93199184013,4.247466932745904,1168.1051800482805,0.08417135331040888,3636202.4630096634,4.0720450979772464e-05,7.92559712323275
940,6403,241.105308496,19919.007794208,179.618084320734,0.9355733652762249,0.47775129951572043,0.3721500586569534,1307.2909988935658,38174.03460330689,5.402091130413093,4068.103192340722,0.03073874970331038,1327913.9871830083,3.735580994952854e-05,11.74496339124879
941,2698,-55.639686576,38233.737958808,171.47281782757764,4.350491579205819,1.944666520435872,0.4715893710377286,175.86971699008734,33780.87394601624,4.939983571050968,2208.0461192520524,0.0517885340143352,2237264.6694192803,4.118399903323412e-05,11.225882854981029
942,3620,134.462575892,37083.851102904,178.56977722138353,3.112785406115962,1.381347273473569,0.40172678213149055,1643.9203633478762,41532.219727921685,4.953592540047242,2725.3253460123456,0.042074423940008966,1817615.1142083872,3.542978280075891e-05,15.643018169619044
943,796,-46.36640548,27991.398988276,128.6156917757475,10.768098391485502,5.352149468393491,0.793921883555049,-107.45501554706802,40106.79609485154,3.395626332908727,914.4239287893429,0.08595844764691409,3713404.9383466886,3.603201565714916e-05,3.145283564461275
944,2292,143.735856988,39397.534736356,173.22731185456504,5.215226163501142,2.3041263091777258,0.4320105634110424,-227.04755870379415,36567.053369117726,4.8914607212222485,1901.3933735345602,0.05955014833422745,2572566.4080386255,3.999465701360179e-05,13.54249087358768
945,791,282.835073428,32141.192278735998,134.61818240910452,12.284225605948471,5.758069439031813,0.7568524728684228,-182.54381749022463,40120.32504541593,3.8673397247025165,922.7140477956649,0.09702003898227952,4191265.6840344747,3.170227919051887e-05,2.41034375226846
946,1212,18.546562192,34779.440750548,141.82153345800944,8.72014600585488,4.271861874504515,0.6106603717458892,-2334.5493450473527,43542.99307428304,3.879838591609351,1063.1791786190745,0.08447407578666856,3649280.0739840814,2.967930145517227e-05,-5.378613526626753
947,1808,0.0,35933.964246999996,169.59491639794228,6.0761395122251844,2.750937164918928,0.4952911650873356,-18.55972236240925,42593.58945877909,4.5004448219869415,1590.0897902878196,0.06551640297813813,2830308.6086555673,3.405663107999987e-05,10.658423572651985
948,2963,88.09617041199999,39411.444658,181.33610556939348,4.052003832884946,1.7643651484774436,0.4110792655619182,-195.05664527972127,33776.61839255013,4.992321319401695,2417.370419933905,0.04780524844340097,2065186.7327549222,4.7340084088931494e-05,11.54186493266255
949,2318,612.036552336,38256.921161548,174.79186704594193,4.956392542864143,2.1270361522303936,0.45276637636975214,888.3483301928446,35612.92140363846,4.855018947038993,1997.9952661558361,0.05624873079121663,2429945.170180558,3.988305590991033e-05,11.386535786835156
950,2361,-27.819843288,40575.241435548,169.0916693843031,5.286371805739318,2.21296816832622,0.4861218088832287,17.274574087734653,30005.35562515468,5.122066762833009,1956.43589124709,0.06060324326558251,2618060.1090731644,4.1738850140461737e-05,12.109566852280965
951,1879,148.372497536,39397.534736356,175.48558953648222,6.40230133461294,2.6885712712781062,0.4436911241659136,798.6484200835417,37982.672500271874,5.004036209180763,1667.604008367802,0.06946143744412606,3000734.0975862457,3.8270399816733924e-05,17.541698288064705
952,1865,-32.456483836,38252.284521,166.6196518785751,6.2839057037379265,2.731919835325518,0.4878003934871887,1249.7179802414157,37827.33874837158,4.905806935844348,1650.2426554093272,0.06881433185895325,2972779.136306781,3.7423265553070375e-05,12.878937507489395
953,1647,162.28241918,39411.444658,165.35382993196112,7.275694128214402,3.2336385371084457,0.4699426361849594,1680.9189442918819,42331.99613899224,4.987446868130965,1491.845707674722,0.07738746600307644,3343138.531332902,3.407008699560441e-05,12.039396093789316
954,1752,231.8320274,38252.284521,163.96268281777057,6.6105216189691625,2.8176717056202554,0.5160760074293826,1189.4284887585825,34149.88224984331,4.863054615247871,1569.9752366654175,0.07170221928174503,3097535.8729713853,3.889915045846855e-05,13.717381956052892
955,2408,338.474760004,39416.081298548,172.22331330814743,4.926026309896342,2.1050991720636345,0.4273924019835582,1521.067239002233,37634.323077172514,5.029102743160446,1954.7751766160868,0.059553864169925336,2572726.9321407746,3.6302252969166115e-05,11.595051664603716
956,2805,185.46562192,40565.968154452,173.68986185868033,4.394558235575139,1.8387308252271417,0.4182459161321895,1008.4439934983717,33290.739294287785,5.257459102890513,2248.1271605587626,0.054134145226149705,2338595.0737696677,4.2611129726443166e-05,7.944046730893638
957,2496,278.19843288,40570.604795,171.61023032264615,4.935886333429996,2.169175137153376,0.4523225857882176,-1564.8074536896063,30989.450129974513,4.766413152326194,1994.75731342673,0.05531181013483287,2389470.19782478,4.424570203724583e-05,3.1274171490057947
958,625,162.28241918,30787.293238719998,127.57690616681766,14.972099366829964,7.314375584198197,0.7208887424805441,1665.7351968976927,52033.35739740183,3.831701870706216,811.0639888040876,0.109358575632765,4724290.467335449,2.775722958476116e-05,13.683184915133051
959,694,-18.546562192,26948.154864976,127.85199603792078,11.93774426500905,5.87845591683099,0.8496702146421553,-222.92056424636158,41030.94841306709,3.294178026482295,819.4168909761556,0.09305900552348438,4020149.038614525,3.2076742243968886e-05,1.6996647989366445
961,2562,185.46562192,40575.241435548,170.75608939690065,4.802450192201211,2.083872411475659,0.42654784641542026,146.24791793087655,33414.352912706614,5.04701529715755,2035.3984206375949,0.05739861867829093,2479620.3269021683,3.890859659051336e-05,11.920494438978709
962,2947,190.102262468,41734.401572548,178.999523674568,4.294500360353818,1.8768970223575725,0.3901144108674615,-154.41099919591204,34348.78501384268,5.235707445394872,2321.916819117949,0.05219693083251928,2254907.411964833,4.295883993978905e-05,15.314091272393078
963,2636,-4.636640548,40570.604795,171.7103980490957,4.727844590531164,2.0367474300271806,0.4482160000022124,591.0937716355778,31575.43101684119,5.2734946854488,2153.4369905109143,0.056686885557899976,2448873.4561012792,4.3418112417133846e-05,8.782224266306883
964,3318,199.375543564,41720.491650904,178.22022859496525,3.812116044676609,1.6023461124558955,0.37439452693608005,708.90259647941,35097.88353112613,5.42458192709395,2501.97698151261,0.05018792219831814,2168118.2389673437,4.258729240671892e-05,4.96219716501051
965,2667,23.18320274,35924.690965904,164.67859052638508,4.1127047870379725,1.8285035950192168,0.4578895391554794,1296.7448603317787,38281.589876114755,4.616534556394239,2045.854864462947,0.05223450973904345,2256530.820726677,3.65578999918662e-05,14.357027652023149
966,3021,120.552654248,39411.444658,178.55535871281475,3.958192361108029,1.7447067862594672,0.3929952417092419,26.659552657666097,43377.916264720116,4.95265570607079,2190.492469558345,0.052337458176248845,2260978.19321395,3.47122906586439e-05,7.566640121357019
967,3868,-23.18320274,40561.331513904,173.93131696621182,3.2109597708262165,1.3755582903513228,0.4092503297371041,912.454062639907,30816.847704147905,5.324242466132506,2834.9526374623756,0.04347386681317443,1878071.0463291353,4.439966086051868e-05,8.6321312446313
968,2941,264.288511236,41729.764932,177.6883984139599,4.316641879966162,1.8448213635918902,0.38585290216200585,-890.2147948860231,34964.01247358663,5.1616057240728574,2222.2877093226243,0.053765141876965704,2322654.129084918,4.19712437182334e-05,7.869512524413352
969,4463,208.64882466,39411.444658,181.14846592011264,2.6768402632556616,1.179470297592595,0.37423206714251955,-812.473180448932,35393.643956168286,5.083553581325079,3219.149645667759,0.036554638451780426,1579160.3811169146,4.063035804454088e-05,12.638829685872956
970,1756,92.73281096,34774.80411,153.84513869922807,6.022823519573207,2.7915739504509327,0.5381502599211998,1172.339160527867,38757.24299965361,4.3672967588239775,1492.016760034763,0.0677571694153283,2927109.7187421825,3.2819503082063636e-05,14.298689680955238
971,1371,23.18320274,35929.327606451996,152.39368706382947,7.954523509106543,3.698125379316036,0.5159605833989456,2003.4752411402653,47943.16970978443,4.495764423708326,1260.7231782874553,0.08254676578607782,3566020.281958562,2.9105715233678077e-05,15.194421226228075
972,1286,51.003046028,31297.323699,145.68849431125523,7.415355238962221,3.5196142421453174,0.5944283790887798,1432.308898950636,42189.72678741506,3.9008088848865277,1201.2791375765876,0.07516696090063335,3247212.710907361,3.131533416574249e-05,14.669678193194935
973,969,-4.636640548,30128.890280904,148.660299222786,9.607346253301587,4.439656008331098,0.6114877820103133,1476.497495021086,49656.94510670947,3.808747722789152,936.9186291388296,0.0941015087159518,4065185.176529118,2.7863807949755985e-05,14.109856130119093
974,2297,180.828981372,38256.921161548,161.74697045725037,5.042380910538241,2.2808493454277374,0.45994704855277874,1034.7943883692412,36989.55162310718,4.809590551173856,1775.1723324392492,0.06271679237898217,2709365.4307720303,3.5788054988251444e-05,9.899389269997124
975,2032,41.729764932,41725.128291452,169.78022483839382,6.28936559224985,2.7489312507127246,0.4322897989977386,310.3246093063567,36958.76205002302,5.2223040280896385,1715.0969517779124,0.07048386809362331,3044903.1016445267,4.294398460225256e-05,6.599406743227965
976,3020,139.09921644,38182.73491278,176.11713969157026,3.84361110084029,1.6804461066409486,0.4214706042449731,924.9160273334481,37832.86410766028,5.020073607745411,2345.7964925411807,0.04953771904604352,2140029.46278908,3.861444075120456e-05,10.596993365848077
977,3087,204.012184112,41655.578683232,177.1049348682347,4.080388974374208,1.751799331033155,0.3799957549254304,1413.5748267117933,34506.79034884107,5.365491199760467,2372.00444928099,0.052361278334570056,2262007.224053426,4.4069354794778275e-05,9.461418493511992
978,3435,194.738903016,40565.968154452,175.87375091547622,3.596437853989805,1.4654152864415142,0.38940122324625176,867.5096349652332,33148.850167054494,5.214384380757164,2524.8762308988066,0.04780564713233034,2065203.9561166707,3.988630656717065e-05,7.069003428603154
979,2101,236.468667948,40575.241435548,168.85910067955768,5.869698747118139,2.5213624492586177,0.48578872598806144,-1429.4952085321659,30272.423442325588,4.788414866102683,1752.3600909850688,0.06325351580737656,2732551.8828786677,4.412199103746712e-05,2.308149890155127
980,910,23.18320274,34223.043884788,138.467718788396,11.482972501050073,5.562865489174,0.6511365617086212,1003.0563485715567,43686.89473703464,4.220699246920643,1042.5381738081987,0.09371491031317478,4048484.1255291505,3.1451937959994614e-05,9.958990105867205
981,3749,4.636640548,39402.171376904,175.97704743257057,3.219091925414565,1.3787581097559878,0.42479164560876104,328.68076661823875,28317.99934026613,5.166865360152582,2808.017168742476,0.04259353046331594,1840040.5160152484,4.345456751448261e-05,10.843141439290026
982,3772,1001.514358368,40584.514716644,178.83952947554548,3.1844173802395175,1.3644158098095356,0.3669517347066513,1113.921854931608,37123.541459613414,5.233981429675925,2733.2943762901427,0.04432635525458441,1914898.546998046,3.8689506948214285e-05,8.966241659679765
983,1911,64.912967672,39411.444658,161.2944313459346,6.306346254526175,2.7135903637089456,0.48455775808839463,1072.7857830155613,37256.50120055095,4.92443434418437,1551.8562857563727,0.07345495635857108,3173254.1146902707,3.524375029107382e-05,10.94228875935928
984,1729,18.546562192,38247.647880452,165.0174551573438,6.802386972968778,2.901870413616675,0.4583257238233173,1691.6885223172965,46563.855021295014,4.843194750155475,1433.0842610167113,0.07823056371255825,3379560.3523825165,3.0271754593307522e-05,12.72703093162717
985,2402,-18.546562192,38252.284521,169.42334335098718,4.870156615256559,2.0416937222232536,0.4748759024028451,1053.4256145641855,34101.28256970952,5.0020218858873395,1988.2101564798693,0.058237074827040235,2515841.6325281383,3.781715596205757e-05,13.902114236643008
986,2405,-23.18320274,38252.284521,169.200928028093,4.853263129802211,2.0293976434421372,0.47615574040070135,1176.253628718975,34007.45643176677,5.008164458369088,1994.5675136033174,0.05812274191871454,2510902.4508884684,3.7841751016737425e-05,13.888553039419014
987,2565,88.09617041199999,37088.487743452,168.21472524030503,4.4171667284371265,1.9362020238269566,0.43290132265903175,1014.7038294739724,42908.474782391415,4.744283948709236,1987.721407928244,0.05524988927702247,2386795.2167673707,3.1928260150895905e-05,13.226679668678123
988,2578,88.09617041199999,37088.487743452,168.27581618350334,4.395458881509394,1.9266184614409603,0.4323568562782411,1015.0375592672486,42917.80733376523,4.7453228186221175,1994.897332915067,0.05506320240337371,2378730.343825744,3.1921226137359626e-05,13.233575345448369
989,3152,208.64882466,38233.737958808,175.0052340316795,3.681172549607665,1.6049020006761476,0.4307095247074852,1119.126534548897,34995.20256404191,4.9722759723023895,2455.7035606558393,0.04687006309898164,2024786.725876007,3.6349276111180205e-05,11.54896785682959
990,2352,213.285465208,41729.764932,174.5881504536642,5.377546494211409,2.3068197663004253,0.4286406427290141,-1163.0231640819384,32133.20192236954,4.94903203527376,1890.3831672581834,0.06060196087579832,2618004.7098344876,4.4424191798707796e-05,5.028395749457447
991,3743,74.186248768,39411.444658,181.62052544355024,3.2022403499631467,1.4122644775345319,0.3781323633460861,835.1526872384179,40310.19292698258,5.128723494901504,2786.1883364270957,0.042610346802007946,1840766.9818467433,3.6374013733403074e-05,9.162493788519903
992,614,-18.546562192,23373.305002467998,123.34603660254606,11.722012634948037,6.01880748720489,0.8909763623284384,-266.6264824687807,42094.46758377039,2.8706165780284594,733.5981413587513,0.09058018835987904,3913064.1371467747,3.197082516082556e-05,1.15558282893847
994,2562,185.46562192,40575.241435548,170.75608939690065,4.802450192201211,2.083872411475659,0.42654784641542026,146.24791793087655,33414.352912706614,5.04701529715755,2035.3984206375949,0.05739861867829093,2479620.3269021683,3.890859659051336e-05,11.920494438978709
995,3050,190.102262468,41729.764932,179.5238711031447,4.147835853900087,1.8130312719832915,0.3855091716785544,-153.78823272265493,34407.69775932154,5.2444446155032045,2378.7935699555655,0.05103392847858324,2204665.710274796,4.288300685826935e-05,15.425935200077031
996,2660,23.18320274,35924.690965904,164.6443007220947,4.124017051324466,1.8334732472526418,0.4581888327389799,1296.539986864721,38277.14481458,4.615993562471591,2042.019806556086,0.052326477192793944,2260503.814728698,3.656222467170395e-05,14.358060323007642
997,3034,120.552654248,39416.081298548,178.59503563419685,3.942092560252869,1.7374935899115074,0.39258759223741135,26.759345309201453,43386.16778570275,4.953604123095949,2196.773282722334,0.05219781349789663,2254945.5431091343,3.470553796723633e-05,7.570561716660669
998,2645,296.744995072,39411.444658,171.1754020429288,4.517363735239288,1.936384188640233,0.4302508197615398,1041.2558000810643,34725.90901829521,5.0216650703077335,2134.494203693641,0.0544589190248034,2352625.301871507,3.977542805806074e-05,8.934396600767439
999,2859,519.303741376,35929.327606451996,170.59089452228315,3.771787883231404,1.6839046156689823,0.44345872455182217,539.9104728972702,39106.378620899224,4.5357270898332995,2218.778391516191,0.047320490877542386,2044245.2059098312,3.481309636000971e-05,14.052195706186067
1000,1632,296.744995072,39402.171376904,165.97716794111776,7.287714643775137,3.0695458132855786,0.49848537292917533,1156.1680392955236,34579.55584307474,4.948202743959432,1567.5256409544124,0.07307167882402586,3156696.525197917,4.124914951404376e-05,11.792961034791135
